filename,hgvsg,timestamp
sample1.vcf,NC_000001.11:g.1293767delG,Thu Oct 13 22:33:16 2022
sample1.vcf,NC_000001.11:g.1293768del,Thu Oct 13 22:33:16 2022
sample1.vcf,CM000663.2:g.1293768del,Thu Oct 13 22:33:16 2022
sample1.vcf,NC_000001.10:g.1229148del,Thu Oct 13 22:33:16 2022
sample1.vcf,CM000663.1:g.1229148del,Thu Oct 13 22:33:16 2022
sample1.vcf,NC_000001.9:g.1219011del,Thu Oct 13 22:33:16 2022
sample1.vcf,NC_000001.11:g.1361836A>G,Thu Oct 13 22:33:17 2022
sample1.vcf,NC_000001.11:g.1361836A>G,Thu Oct 13 22:33:17 2022
sample1.vcf,CM000663.2:g.1361836A>G,Thu Oct 13 22:33:17 2022
sample1.vcf,NC_000001.10:g.1297216A>G,Thu Oct 13 22:33:17 2022
sample1.vcf,CM000663.1:g.1297216A>G,Thu Oct 13 22:33:17 2022
sample1.vcf,NC_000001.9:g.1287079A>G,Thu Oct 13 22:33:17 2022
sample1.vcf,NC_000001.11:g.1388566_1388567delTC,Thu Oct 13 22:33:17 2022
sample1.vcf,NC_000001.11:g.1388583_1388584del,Thu Oct 13 22:33:17 2022
sample1.vcf,CM000663.2:g.1388583_1388584del,Thu Oct 13 22:33:17 2022
sample1.vcf,NC_000001.10:g.1323963_1323964del,Thu Oct 13 22:33:17 2022
sample1.vcf,CM000663.1:g.1323963_1323964del,Thu Oct 13 22:33:17 2022
sample1.vcf,NC_000001.9:g.1313826_1313827del,Thu Oct 13 22:33:17 2022
sample1.vcf,NG_029782.1:g.15772_15773del,Thu Oct 13 22:33:17 2022
sample1.vcf,NC_000001.11:g.1435464_1435465delGT,Thu Oct 13 22:33:17 2022
sample1.vcf,NC_000001.11:g.1435475_1435476del,Thu Oct 13 22:33:17 2022
sample1.vcf,CM000663.2:g.1435475_1435476del,Thu Oct 13 22:33:17 2022
sample1.vcf,NC_000001.10:g.1370855_1370856del,Thu Oct 13 22:33:17 2022
sample1.vcf,CM000663.1:g.1370855_1370856del,Thu Oct 13 22:33:17 2022
sample1.vcf,NC_000001.9:g.1360718_1360719del,Thu Oct 13 22:33:17 2022
sample1.vcf,NC_000001.11:g.1495785C>T,Thu Oct 13 22:33:18 2022
sample1.vcf,NC_000001.11:g.1495785C>T,Thu Oct 13 22:33:18 2022
sample1.vcf,CM000663.2:g.1495785C>T,Thu Oct 13 22:33:18 2022
sample1.vcf,NC_000001.10:g.1431165C>T,Thu Oct 13 22:33:18 2022
sample1.vcf,CM000663.1:g.1431165C>T,Thu Oct 13 22:33:18 2022
sample1.vcf,NC_000001.9:g.1421028C>T,Thu Oct 13 22:33:18 2022
sample1.vcf,NC_000001.11:g.1509413_1509414insG,Thu Oct 13 22:33:18 2022
sample1.vcf,NC_000001.11:g.1509415dup,Thu Oct 13 22:33:18 2022
sample1.vcf,CM000663.2:g.1509415dup,Thu Oct 13 22:33:18 2022
sample1.vcf,NC_000001.10:g.1444795dup,Thu Oct 13 22:33:18 2022
sample1.vcf,CM000663.1:g.1444795dup,Thu Oct 13 22:33:18 2022
sample1.vcf,NC_000001.9:g.1434658dup,Thu Oct 13 22:33:18 2022
sample1.vcf,NG_053035.1:g.2273dup,Thu Oct 13 22:33:18 2022
sample1.vcf,NC_000001.11:g.1647255T>C,Thu Oct 13 22:33:18 2022
sample1.vcf,NC_000001.11:g.1647255T>C,Thu Oct 13 22:33:18 2022
sample1.vcf,CM000663.2:g.1647255T>C,Thu Oct 13 22:33:18 2022
sample1.vcf,NC_000001.10:g.1582616T>C,Thu Oct 13 22:33:18 2022
sample1.vcf,CM000663.1:g.1582616T>C,Thu Oct 13 22:33:18 2022
sample1.vcf,NC_000001.9:g.1572479T>C,Thu Oct 13 22:33:18 2022
sample1.vcf,NC_000001.11:g.1647916delC,Thu Oct 13 22:33:19 2022
sample1.vcf,NC_000001.11:g.1647918del,Thu Oct 13 22:33:19 2022
sample1.vcf,CM000663.2:g.1647918del,Thu Oct 13 22:33:19 2022
sample1.vcf,NC_000001.10:g.1583279del,Thu Oct 13 22:33:19 2022
sample1.vcf,CM000663.1:g.1583279del,Thu Oct 13 22:33:19 2022
sample1.vcf,NC_000001.9:g.1573142del,Thu Oct 13 22:33:19 2022
sample1.vcf,NC_000001.11:g.1959265_1959266insT,Thu Oct 13 22:33:19 2022
sample1.vcf,NC_000001.11:g.1959275dup,Thu Oct 13 22:33:19 2022
sample1.vcf,CM000663.2:g.1959275dup,Thu Oct 13 22:33:19 2022
sample1.vcf,NC_000001.10:g.1890714dup,Thu Oct 13 22:33:19 2022
sample1.vcf,CM000663.1:g.1890714dup,Thu Oct 13 22:33:19 2022
sample1.vcf,NC_000001.9:g.1880574dup,Thu Oct 13 22:33:19 2022
sample1.vcf,NC_000001.11:g.2187286delT,Thu Oct 13 22:33:19 2022
sample1.vcf,NC_000001.11:g.2187296del,Thu Oct 13 22:33:19 2022
sample1.vcf,CM000663.2:g.2187296del,Thu Oct 13 22:33:19 2022
sample1.vcf,NC_000001.10:g.2118735del,Thu Oct 13 22:33:19 2022
sample1.vcf,CM000663.1:g.2118735del,Thu Oct 13 22:33:19 2022
sample1.vcf,NC_000001.9:g.2108595del,Thu Oct 13 22:33:19 2022
sample1.vcf,NG_029616.1:g.141827del,Thu Oct 13 22:33:19 2022
sample1.vcf,NC_000001.11:g.2187303_2187304insT,Thu Oct 13 22:33:19 2022
sample1.vcf,NC_000001.11:g.2187313dup,Thu Oct 13 22:33:19 2022
sample1.vcf,CM000663.2:g.2187313dup,Thu Oct 13 22:33:19 2022
sample1.vcf,NC_000001.10:g.2118752dup,Thu Oct 13 22:33:19 2022
sample1.vcf,CM000663.1:g.2118752dup,Thu Oct 13 22:33:19 2022
sample1.vcf,NC_000001.9:g.2108612dup,Thu Oct 13 22:33:19 2022
sample1.vcf,NG_029616.1:g.141844dup,Thu Oct 13 22:33:19 2022
sample1.vcf,NC_000001.11:g.2494990_2495014delGTGTCCTCCCTGCTCCCAGTGCCCC,Thu Oct 13 22:33:20 2022
sample1.vcf,NC_000001.11:g.2495040_2495064del,Thu Oct 13 22:33:20 2022
sample1.vcf,CM000663.2:g.2495040_2495064del,Thu Oct 13 22:33:20 2022
sample1.vcf,NC_000001.10:g.2426479_2426503del,Thu Oct 13 22:33:20 2022
sample1.vcf,CM000663.1:g.2426479_2426503del,Thu Oct 13 22:33:20 2022
sample1.vcf,NC_000001.9:g.2416339_2416363del,Thu Oct 13 22:33:20 2022
sample1.vcf,NC_000001.11:g.2498686T>G,Thu Oct 13 22:33:20 2022
sample1.vcf,NC_000001.11:g.2498686T>G,Thu Oct 13 22:33:20 2022
sample1.vcf,CM000663.2:g.2498686T>G,Thu Oct 13 22:33:20 2022
sample1.vcf,NC_000001.10:g.2430125T>G,Thu Oct 13 22:33:20 2022
sample1.vcf,CM000663.1:g.2430125T>G,Thu Oct 13 22:33:20 2022
sample1.vcf,NC_000001.9:g.2419985T>G,Thu Oct 13 22:33:20 2022
sample1.vcf,NC_000001.11:g.3872614_3872615insGGCCCTGTCCCTGCCCCTGTCCCTGCCGC,Thu Oct 13 22:33:20 2022
sample1.vcf,NC_000001.11:g.3872629_3872630insCCTGTCCCTGCCGCGGCCCTGTCCCTGCC,Thu Oct 13 22:33:20 2022
sample1.vcf,CM000663.2:g.3872629_3872630insCCTGTCCCTGCCGCGGCCCTGTCCCTGCC,Thu Oct 13 22:33:20 2022
sample1.vcf,NC_000001.10:g.3789193_3789194insCCTGTCCCTGCCGCGGCCCTGTCCCTGCC,Thu Oct 13 22:33:20 2022
sample1.vcf,CM000663.1:g.3789193_3789194insCCTGTCCCTGCCGCGGCCCTGTCCCTGCC,Thu Oct 13 22:33:20 2022
sample1.vcf,NC_000001.9:g.3779053_3779054insCCTGTCCCTGCCGCGGCCCTGTCCCTGCC,Thu Oct 13 22:33:20 2022
sample1.vcf,NC_000001.11:g.6094348G>A,Thu Oct 13 22:33:21 2022
sample1.vcf,NC_000001.11:g.6094348G>A,Thu Oct 13 22:33:21 2022
sample1.vcf,CM000663.2:g.6094348G>A,Thu Oct 13 22:33:21 2022
sample1.vcf,NC_000001.10:g.6154408G>A,Thu Oct 13 22:33:21 2022
sample1.vcf,CM000663.1:g.6154408G>A,Thu Oct 13 22:33:21 2022
sample1.vcf,NC_000001.9:g.6076995G>A,Thu Oct 13 22:33:21 2022
sample1.vcf,NG_047091.1:g.107051G>A,Thu Oct 13 22:33:21 2022
sample1.vcf,NC_000001.11:g.6417952_6417953insA,Thu Oct 13 22:33:21 2022
sample1.vcf,NC_000001.11:g.6417961dup,Thu Oct 13 22:33:21 2022
sample1.vcf,CM000663.2:g.6417961dup,Thu Oct 13 22:33:21 2022
sample1.vcf,NC_000001.10:g.6478021dup,Thu Oct 13 22:33:21 2022
sample1.vcf,CM000663.1:g.6478021dup,Thu Oct 13 22:33:21 2022
sample1.vcf,NC_000001.9:g.6400608dup,Thu Oct 13 22:33:21 2022
sample1.vcf,NC_000001.11:g.6667743_6667744delTC,Thu Oct 13 22:33:21 2022
sample1.vcf,NC_000001.11:g.6667754_6667755del,Thu Oct 13 22:33:21 2022
sample1.vcf,CM000663.2:g.6667754_6667755del,Thu Oct 13 22:33:21 2022
sample1.vcf,NC_000001.10:g.6727814_6727815del,Thu Oct 13 22:33:21 2022
sample1.vcf,CM000663.1:g.6727814_6727815del,Thu Oct 13 22:33:21 2022
sample1.vcf,NC_000001.9:g.6650401_6650402del,Thu Oct 13 22:33:21 2022
sample1.vcf,NC_000001.11:g.7766594_7766595delCA,Thu Oct 13 22:33:21 2022
sample1.vcf,NC_000001.11:g.7766605_7766606del,Thu Oct 13 22:33:21 2022
sample1.vcf,CM000663.2:g.7766605_7766606del,Thu Oct 13 22:33:21 2022
sample1.vcf,NC_000001.10:g.7826665_7826666del,Thu Oct 13 22:33:21 2022
sample1.vcf,CM000663.1:g.7826665_7826666del,Thu Oct 13 22:33:21 2022
sample1.vcf,NC_000001.9:g.7749252_7749253del,Thu Oct 13 22:33:21 2022
sample1.vcf,NG_053148.1:g.986282_986283del,Thu Oct 13 22:33:21 2022
sample1.vcf,NC_000001.11:g.9057312A>G,Thu Oct 13 22:33:22 2022
sample1.vcf,NC_000001.11:g.9057312A>G,Thu Oct 13 22:33:22 2022
sample1.vcf,CM000663.2:g.9057312A>G,Thu Oct 13 22:33:22 2022
sample1.vcf,NC_000001.10:g.9117371A>G,Thu Oct 13 22:33:22 2022
sample1.vcf,CM000663.1:g.9117371A>G,Thu Oct 13 22:33:22 2022
sample1.vcf,NC_000001.9:g.9039958A>G,Thu Oct 13 22:33:22 2022
sample1.vcf,NG_050918.1:g.41096T>C,Thu Oct 13 22:33:22 2022
sample1.vcf,NC_000001.11:g.9369205_9369206insT,Thu Oct 13 22:33:22 2022
sample1.vcf,NC_000001.11:g.9369215dup,Thu Oct 13 22:33:22 2022
sample1.vcf,CM000663.2:g.9369215dup,Thu Oct 13 22:33:22 2022
sample1.vcf,NC_000001.10:g.9429274dup,Thu Oct 13 22:33:22 2022
sample1.vcf,CM000663.1:g.9429274dup,Thu Oct 13 22:33:22 2022
sample1.vcf,NC_000001.9:g.9351861dup,Thu Oct 13 22:33:22 2022
sample1.vcf,NC_000001.11:g.9611200_9611202delTTT,Thu Oct 13 22:33:22 2022
sample1.vcf,NC_000001.11:g.9611212_9611214del,Thu Oct 13 22:33:22 2022
sample1.vcf,CM000663.2:g.9611212_9611214del,Thu Oct 13 22:33:22 2022
sample1.vcf,NC_000001.10:g.9671270_9671272del,Thu Oct 13 22:33:22 2022
sample1.vcf,CM000663.1:g.9671270_9671272del,Thu Oct 13 22:33:22 2022
sample1.vcf,NC_000001.9:g.9593857_9593859del,Thu Oct 13 22:33:22 2022
sample1.vcf,NC_000001.11:g.9971973_9971974insA,Thu Oct 13 22:33:22 2022
sample1.vcf,NC_000001.11:g.9971982dup,Thu Oct 13 22:33:22 2022
sample1.vcf,CM000663.2:g.9971982dup,Thu Oct 13 22:33:22 2022
sample1.vcf,NC_000001.10:g.10032040dup,Thu Oct 13 22:33:22 2022
sample1.vcf,CM000663.1:g.10032040dup,Thu Oct 13 22:33:22 2022
sample1.vcf,NC_000001.9:g.9954627dup,Thu Oct 13 22:33:22 2022
sample1.vcf,NG_032954.1:g.33555dup,Thu Oct 13 22:33:22 2022
sample1.vcf,NC_000001.11:g.10008054delA,Thu Oct 13 22:33:23 2022
sample1.vcf,NC_000001.11:g.10008067del,Thu Oct 13 22:33:23 2022
sample1.vcf,CM000663.2:g.10008067del,Thu Oct 13 22:33:23 2022
sample1.vcf,NC_000001.10:g.10068125del,Thu Oct 13 22:33:23 2022
sample1.vcf,CM000663.1:g.10068125del,Thu Oct 13 22:33:23 2022
sample1.vcf,NC_000001.9:g.9990712del,Thu Oct 13 22:33:23 2022
sample1.vcf,NC_000001.11:g.10117622_10117623insA,Thu Oct 13 22:33:23 2022
sample1.vcf,NC_000001.11:g.10117634dup,Thu Oct 13 22:33:23 2022
sample1.vcf,CM000663.2:g.10117634dup,Thu Oct 13 22:33:23 2022
sample1.vcf,NC_000001.10:g.10177692dup,Thu Oct 13 22:33:23 2022
sample1.vcf,CM000663.1:g.10177692dup,Thu Oct 13 22:33:23 2022
sample1.vcf,NC_000001.9:g.10100279dup,Thu Oct 13 22:33:23 2022
sample1.vcf,NC_000001.11:g.10180801_10180802insT,Thu Oct 13 22:33:23 2022
sample1.vcf,NC_000001.11:g.10180811dup,Thu Oct 13 22:33:23 2022
sample1.vcf,CM000663.2:g.10180811dup,Thu Oct 13 22:33:23 2022
sample1.vcf,NC_000001.10:g.10240869dup,Thu Oct 13 22:33:23 2022
sample1.vcf,CM000663.1:g.10240869dup,Thu Oct 13 22:33:23 2022
sample1.vcf,NC_000001.9:g.10163456dup,Thu Oct 13 22:33:23 2022
sample1.vcf,NC_000001.11:g.10181078_10181080delAAA,Thu Oct 13 22:33:23 2022
sample1.vcf,NC_000001.11:g.10181088_10181090del,Thu Oct 13 22:33:23 2022
sample1.vcf,CM000663.2:g.10181088_10181090del,Thu Oct 13 22:33:23 2022
sample1.vcf,NC_000001.10:g.10241146_10241148del,Thu Oct 13 22:33:23 2022
sample1.vcf,CM000663.1:g.10241146_10241148del,Thu Oct 13 22:33:23 2022
sample1.vcf,NC_000001.9:g.10163733_10163735del,Thu Oct 13 22:33:23 2022
sample1.vcf,NC_000001.11:g.10339748_10339749insT,Thu Oct 13 22:33:24 2022
sample1.vcf,NC_000001.11:g.10339753dup,Thu Oct 13 22:33:24 2022
sample1.vcf,CM000663.2:g.10339753dup,Thu Oct 13 22:33:24 2022
sample1.vcf,NC_000001.10:g.10399811dup,Thu Oct 13 22:33:24 2022
sample1.vcf,CM000663.1:g.10399811dup,Thu Oct 13 22:33:24 2022
sample1.vcf,NC_000001.9:g.10322398dup,Thu Oct 13 22:33:24 2022
sample1.vcf,NG_008069.1:g.134048dup,Thu Oct 13 22:33:24 2022
sample1.vcf,LRG_252:g.134048dup,Thu Oct 13 22:33:24 2022
sample1.vcf,NC_000001.11:g.10339754A>T,Thu Oct 13 22:33:24 2022
sample1.vcf,NC_000001.11:g.10339754A>T,Thu Oct 13 22:33:24 2022
sample1.vcf,CM000663.2:g.10339754A>T,Thu Oct 13 22:33:24 2022
sample1.vcf,NC_000001.10:g.10399812A>T,Thu Oct 13 22:33:24 2022
sample1.vcf,CM000663.1:g.10399812A>T,Thu Oct 13 22:33:24 2022
sample1.vcf,NC_000001.9:g.10322399A>T,Thu Oct 13 22:33:24 2022
sample1.vcf,NG_008069.1:g.134049A>T,Thu Oct 13 22:33:24 2022
sample1.vcf,LRG_252:g.134049A>T,Thu Oct 13 22:33:24 2022
sample1.vcf,NC_000001.11:g.10377937_10377938insA,Thu Oct 13 22:33:24 2022
sample1.vcf,NC_000001.11:g.10377950dup,Thu Oct 13 22:33:24 2022
sample1.vcf,CM000663.2:g.10377950dup,Thu Oct 13 22:33:24 2022
sample1.vcf,NC_000001.10:g.10438008dup,Thu Oct 13 22:33:24 2022
sample1.vcf,CM000663.1:g.10438008dup,Thu Oct 13 22:33:24 2022
sample1.vcf,NC_000001.9:g.10360595dup,Thu Oct 13 22:33:24 2022
sample1.vcf,NG_008069.1:g.172245dup,Thu Oct 13 22:33:24 2022
sample1.vcf,LRG_252:g.172245dup,Thu Oct 13 22:33:24 2022
sample1.vcf,NC_000001.11:g.10378875delT,Thu Oct 13 22:33:24 2022
sample1.vcf,NC_000001.11:g.10378884del,Thu Oct 13 22:33:24 2022
sample1.vcf,CM000663.2:g.10378884del,Thu Oct 13 22:33:24 2022
sample1.vcf,NC_000001.10:g.10438942del,Thu Oct 13 22:33:24 2022
sample1.vcf,CM000663.1:g.10438942del,Thu Oct 13 22:33:24 2022
sample1.vcf,NC_000001.9:g.10361529del,Thu Oct 13 22:33:24 2022
sample1.vcf,NG_008069.1:g.173179del,Thu Oct 13 22:33:24 2022
sample1.vcf,LRG_252:g.173179del,Thu Oct 13 22:33:24 2022
sample1.vcf,NC_000001.11:g.10451273delA,Thu Oct 13 22:33:24 2022
sample1.vcf,NC_000001.11:g.10451273del,Thu Oct 13 22:33:24 2022
sample1.vcf,CM000663.2:g.10451273del,Thu Oct 13 22:33:24 2022
sample1.vcf,NC_000001.10:g.10511330del,Thu Oct 13 22:33:24 2022
sample1.vcf,CM000663.1:g.10511330del,Thu Oct 13 22:33:24 2022
sample1.vcf,NC_000001.9:g.10433917del,Thu Oct 13 22:33:24 2022
sample1.vcf,NC_000001.11:g.10460908_10460909delTT,Thu Oct 13 22:33:25 2022
sample1.vcf,NC_000001.11:g.10460925_10460926del,Thu Oct 13 22:33:25 2022
sample1.vcf,CM000663.2:g.10460925_10460926del,Thu Oct 13 22:33:25 2022
sample1.vcf,NC_000001.10:g.10520982_10520983del,Thu Oct 13 22:33:25 2022
sample1.vcf,CM000663.1:g.10520982_10520983del,Thu Oct 13 22:33:25 2022
sample1.vcf,NC_000001.9:g.10443569_10443570del,Thu Oct 13 22:33:25 2022
sample1.vcf,NG_029098.1:g.16648_16649del,Thu Oct 13 22:33:25 2022
sample1.vcf,NC_000001.11:g.10637176delT,Thu Oct 13 22:33:25 2022
sample1.vcf,NC_000001.11:g.10637184del,Thu Oct 13 22:33:25 2022
sample1.vcf,CM000663.2:g.10637184del,Thu Oct 13 22:33:25 2022
sample1.vcf,NC_000001.10:g.10697241del,Thu Oct 13 22:33:25 2022
sample1.vcf,CM000663.1:g.10697241del,Thu Oct 13 22:33:25 2022
sample1.vcf,NC_000001.9:g.10619828del,Thu Oct 13 22:33:25 2022
sample1.vcf,NC_000001.11:g.10970135_10970138delAGGA,Thu Oct 13 22:33:25 2022
sample1.vcf,NC_000001.11:g.10970153_10970156del,Thu Oct 13 22:33:25 2022
sample1.vcf,CM000663.2:g.10970153_10970156del,Thu Oct 13 22:33:25 2022
sample1.vcf,NC_000001.10:g.11030210_11030213del,Thu Oct 13 22:33:25 2022
sample1.vcf,CM000663.1:g.11030210_11030213del,Thu Oct 13 22:33:25 2022
sample1.vcf,NC_000001.9:g.10952797_10952800del,Thu Oct 13 22:33:25 2022
sample1.vcf,NC_000001.11:g.11055120_11055121insT,Thu Oct 13 22:33:25 2022
sample1.vcf,NC_000001.11:g.11055138dup,Thu Oct 13 22:33:25 2022
sample1.vcf,CM000663.2:g.11055138dup,Thu Oct 13 22:33:25 2022
sample1.vcf,NC_000001.10:g.11115195dup,Thu Oct 13 22:33:25 2022
sample1.vcf,CM000663.1:g.11115195dup,Thu Oct 13 22:33:25 2022
sample1.vcf,NC_000001.9:g.11037782dup,Thu Oct 13 22:33:25 2022
sample1.vcf,NC_000001.11:g.11080565delC,Thu Oct 13 22:33:25 2022
sample1.vcf,NC_000001.11:g.11080565del,Thu Oct 13 22:33:25 2022
sample1.vcf,CM000663.2:g.11080565del,Thu Oct 13 22:33:25 2022
sample1.vcf,NC_000001.10:g.11140622del,Thu Oct 13 22:33:25 2022
sample1.vcf,CM000663.1:g.11140622del,Thu Oct 13 22:33:25 2022
sample1.vcf,NC_000001.9:g.11063209del,Thu Oct 13 22:33:25 2022
sample1.vcf,NC_000001.11:g.11533728_11533729insACACGCATGCAC,Thu Oct 13 22:33:26 2022
sample1.vcf,NC_000001.11:g.11533733_11533744dup,Thu Oct 13 22:33:26 2022
sample1.vcf,CM000663.2:g.11533733_11533744dup,Thu Oct 13 22:33:26 2022
sample1.vcf,NC_000001.10:g.11593790_11593801dup,Thu Oct 13 22:33:26 2022
sample1.vcf,CM000663.1:g.11593790_11593801dup,Thu Oct 13 22:33:26 2022
sample1.vcf,NC_000001.9:g.11516377_11516388dup,Thu Oct 13 22:33:26 2022
sample1.vcf,NC_000001.11:g.12013195delA,Thu Oct 13 22:33:26 2022
sample1.vcf,NC_000001.11:g.12013205del,Thu Oct 13 22:33:26 2022
sample1.vcf,CM000663.2:g.12013205del,Thu Oct 13 22:33:26 2022
sample1.vcf,NC_000001.10:g.12073262del,Thu Oct 13 22:33:26 2022
sample1.vcf,CM000663.1:g.12073262del,Thu Oct 13 22:33:26 2022
sample1.vcf,NC_000001.9:g.11995849del,Thu Oct 13 22:33:26 2022
sample1.vcf,NG_007945.1:g.38025del,Thu Oct 13 22:33:26 2022
sample1.vcf,LRG_255:g.38025del,Thu Oct 13 22:33:26 2022
sample1.vcf,NC_000001.11:g.12209134_12209135delTG,Thu Oct 13 22:33:26 2022
sample1.vcf,NC_000001.11:g.12209145_12209146del,Thu Oct 13 22:33:26 2022
sample1.vcf,CM000663.2:g.12209145_12209146del,Thu Oct 13 22:33:26 2022
sample1.vcf,NC_000001.10:g.12269202_12269203del,Thu Oct 13 22:33:26 2022
sample1.vcf,CM000663.1:g.12269202_12269203del,Thu Oct 13 22:33:26 2022
sample1.vcf,NC_000001.9:g.12191789_12191790del,Thu Oct 13 22:33:26 2022
sample1.vcf,NG_029791.1:g.47143_47144del,Thu Oct 13 22:33:26 2022
sample1.vcf,NC_000001.11:g.12338369_12338370insT,Thu Oct 13 22:33:26 2022
sample1.vcf,NC_000001.11:g.12338379dup,Thu Oct 13 22:33:26 2022
sample1.vcf,CM000663.2:g.12338379dup,Thu Oct 13 22:33:26 2022
sample1.vcf,NC_000001.10:g.12398436dup,Thu Oct 13 22:33:26 2022
sample1.vcf,CM000663.1:g.12398436dup,Thu Oct 13 22:33:26 2022
sample1.vcf,NC_000001.9:g.12321023dup,Thu Oct 13 22:33:26 2022
sample1.vcf,NG_056877.1:g.113341dup,Thu Oct 13 22:33:26 2022
sample1.vcf,NC_000001.11:g.12379772delT,Thu Oct 13 22:33:27 2022
sample1.vcf,NC_000001.11:g.12379786del,Thu Oct 13 22:33:27 2022
sample1.vcf,CM000663.2:g.12379786del,Thu Oct 13 22:33:27 2022
sample1.vcf,NC_000001.10:g.12439840del,Thu Oct 13 22:33:27 2022
sample1.vcf,CM000663.1:g.12439840del,Thu Oct 13 22:33:27 2022
sample1.vcf,NC_000001.9:g.12362427del,Thu Oct 13 22:33:27 2022
sample1.vcf,NG_056877.1:g.154748del,Thu Oct 13 22:33:27 2022
sample1.vcf,NC_000001.11:g.12404071delT,Thu Oct 13 22:33:27 2022
sample1.vcf,NC_000001.11:g.12404080del,Thu Oct 13 22:33:27 2022
sample1.vcf,CM000663.2:g.12404080del,Thu Oct 13 22:33:27 2022
sample1.vcf,NC_000001.10:g.12464133del,Thu Oct 13 22:33:27 2022
sample1.vcf,CM000663.1:g.12464133del,Thu Oct 13 22:33:27 2022
sample1.vcf,NC_000001.9:g.12386720del,Thu Oct 13 22:33:27 2022
sample1.vcf,NG_056877.1:g.179042del,Thu Oct 13 22:33:27 2022
sample1.vcf,NC_000001.11:g.12510526_12510529delTGTG,Thu Oct 13 22:33:27 2022
sample1.vcf,NC_000001.11:g.12510552_12510555del,Thu Oct 13 22:33:27 2022
sample1.vcf,CM000663.2:g.12510552_12510555del,Thu Oct 13 22:33:27 2022
sample1.vcf,NG_056877.1:g.285514_285517del,Thu Oct 13 22:33:27 2022
sample1.vcf,NC_000001.11:g.15580201delCinsTTTT,Thu Oct 13 22:33:27 2022
sample1.vcf,NC_000001.11:g.15580201delinsTTTT,Thu Oct 13 22:33:27 2022
sample1.vcf,CM000663.2:g.15580201delinsTTTT,Thu Oct 13 22:33:27 2022
sample1.vcf,NC_000001.10:g.15906696delinsTTTT,Thu Oct 13 22:33:27 2022
sample1.vcf,CM000663.1:g.15906696delinsTTTT,Thu Oct 13 22:33:27 2022
sample1.vcf,NC_000001.9:g.15779283delinsTTTT,Thu Oct 13 22:33:27 2022
sample1.vcf,NC_000001.11:g.16008807_16008808insA,Thu Oct 13 22:33:27 2022
sample1.vcf,NC_000001.11:g.16008816dup,Thu Oct 13 22:33:27 2022
sample1.vcf,CM000663.2:g.16008816dup,Thu Oct 13 22:33:27 2022
sample1.vcf,NC_000001.10:g.16335311dup,Thu Oct 13 22:33:27 2022
sample1.vcf,CM000663.1:g.16335311dup,Thu Oct 13 22:33:27 2022
sample1.vcf,NC_000001.9:g.16207898dup,Thu Oct 13 22:33:27 2022
sample1.vcf,NC_000001.11:g.16044378_16044379insACACACACACAT,Thu Oct 13 22:33:28 2022
sample1.vcf,NC_000001.11:g.16044378_16044379insACACACACACAT,Thu Oct 13 22:33:28 2022
sample1.vcf,CM000663.2:g.16044378_16044379insACACACACACAT,Thu Oct 13 22:33:28 2022
sample1.vcf,NC_000001.10:g.16370873_16370874insACACACACACAT,Thu Oct 13 22:33:28 2022
sample1.vcf,CM000663.1:g.16370873_16370874insACACACACACAT,Thu Oct 13 22:33:28 2022
sample1.vcf,NC_000001.9:g.16243460_16243461insACACACACACAT,Thu Oct 13 22:33:28 2022
sample1.vcf,NG_013079.1:g.5627_5628insACACACACACAT,Thu Oct 13 22:33:28 2022
sample1.vcf,NC_000001.11:g.16045780delG,Thu Oct 13 22:33:28 2022
sample1.vcf,NC_000001.11:g.16045787del,Thu Oct 13 22:33:28 2022
sample1.vcf,CM000663.2:g.16045787del,Thu Oct 13 22:33:28 2022
sample1.vcf,NC_000001.10:g.16372282del,Thu Oct 13 22:33:28 2022
sample1.vcf,CM000663.1:g.16372282del,Thu Oct 13 22:33:28 2022
sample1.vcf,NC_000001.9:g.16244869del,Thu Oct 13 22:33:28 2022
sample1.vcf,NG_013079.1:g.7036del,Thu Oct 13 22:33:28 2022
sample1.vcf,NC_000001.11:g.16058340_16058341insATGCCCTGCCCTGGACCCCGGGGTCCAGAT,Thu Oct 13 22:33:28 2022
sample1.vcf,NC_000001.11:g.16058346_16058375dup,Thu Oct 13 22:33:28 2022
sample1.vcf,CM000663.2:g.16058346_16058375dup,Thu Oct 13 22:33:28 2022
sample1.vcf,NC_000001.10:g.16384841_16384870dup,Thu Oct 13 22:33:28 2022
sample1.vcf,CM000663.1:g.16384841_16384870dup,Thu Oct 13 22:33:28 2022
sample1.vcf,NC_000001.9:g.16257428_16257457dup,Thu Oct 13 22:33:28 2022
sample1.vcf,NG_013079.1:g.19595_19624dup,Thu Oct 13 22:33:28 2022
sample1.vcf,NC_000001.11:g.16058373G>A,Thu Oct 13 22:33:28 2022
sample1.vcf,NC_000001.11:g.16058373G>A,Thu Oct 13 22:33:28 2022
sample1.vcf,CM000663.2:g.16058373G>A,Thu Oct 13 22:33:28 2022
sample1.vcf,NC_000001.10:g.16384868G>A,Thu Oct 13 22:33:28 2022
sample1.vcf,CM000663.1:g.16384868G>A,Thu Oct 13 22:33:28 2022
sample1.vcf,NC_000001.9:g.16257455G>A,Thu Oct 13 22:33:28 2022
sample1.vcf,NG_013079.1:g.19622G>A,Thu Oct 13 22:33:28 2022
sample1.vcf,NC_000001.11:g.16134290G>A,Thu Oct 13 22:33:28 2022
sample1.vcf,NC_000001.11:g.16134290G>A,Thu Oct 13 22:33:28 2022
sample1.vcf,CM000663.2:g.16134290G>A,Thu Oct 13 22:33:28 2022
sample1.vcf,NC_000001.10:g.16460785G>A,Thu Oct 13 22:33:28 2022
sample1.vcf,CM000663.1:g.16460785G>A,Thu Oct 13 22:33:28 2022
sample1.vcf,NC_000001.9:g.16333372G>A,Thu Oct 13 22:33:28 2022
sample1.vcf,NG_021396.1:g.26798C>T,Thu Oct 13 22:33:28 2022
sample1.vcf,NC_000001.11:g.16421328_16421329delCA,Thu Oct 13 22:33:29 2022
sample1.vcf,NC_000001.11:g.16421339_16421340del,Thu Oct 13 22:33:29 2022
sample1.vcf,CM000663.2:g.16421339_16421340del,Thu Oct 13 22:33:29 2022
sample1.vcf,NC_000001.10:g.16747834_16747835del,Thu Oct 13 22:33:29 2022
sample1.vcf,CM000663.1:g.16747834_16747835del,Thu Oct 13 22:33:29 2022
sample1.vcf,NC_000001.9:g.16620421_16620422del,Thu Oct 13 22:33:29 2022
sample1.vcf,NC_000001.11:g.16536213T>G,Thu Oct 13 22:33:29 2022
sample1.vcf,NC_000001.11:g.16536213T>G,Thu Oct 13 22:33:29 2022
sample1.vcf,CM000663.2:g.16536213T>G,Thu Oct 13 22:33:29 2022
sample1.vcf,NC_000001.10:g.16862708T>G,Thu Oct 13 22:33:29 2022
sample1.vcf,CM000663.1:g.16862708T>G,Thu Oct 13 22:33:29 2022
sample1.vcf,NC_000001.9:g.16735295T>G,Thu Oct 13 22:33:29 2022
sample1.vcf,NC_000001.11:g.16619901C>T,Thu Oct 13 22:33:29 2022
sample1.vcf,NC_000001.11:g.16619901C>T,Thu Oct 13 22:33:29 2022
sample1.vcf,CM000663.2:g.16619901C>T,Thu Oct 13 22:33:29 2022
sample1.vcf,NC_000001.10:g.16946396C>T,Thu Oct 13 22:33:29 2022
sample1.vcf,CM000663.1:g.16946396C>T,Thu Oct 13 22:33:29 2022
sample1.vcf,NC_000001.9:g.16818983C>T,Thu Oct 13 22:33:29 2022
sample1.vcf,NC_000001.11:g.16619939C>T,Thu Oct 13 22:33:29 2022
sample1.vcf,NC_000001.11:g.16619939C>T,Thu Oct 13 22:33:29 2022
sample1.vcf,CM000663.2:g.16619939C>T,Thu Oct 13 22:33:29 2022
sample1.vcf,NC_000001.10:g.16946434C>T,Thu Oct 13 22:33:29 2022
sample1.vcf,CM000663.1:g.16946434C>T,Thu Oct 13 22:33:29 2022
sample1.vcf,NC_000001.9:g.16819021C>T,Thu Oct 13 22:33:29 2022
