#CHROM,POS,ID,REF,ALT,QUAL,FILTER,INFO,FORMAT,MMRF_1945_1_PB_Whole_C2,"MMRF_1945_1_BM_CD138pos_T1
"
chr1,1293766,rs374659902,AG,A,78,.,"VTYPE=del;CC=1;TPCE=VARDICT;VARDICT;VARDICT_STATUS=StrongSomatic;VARDICT_SAMPLE=MMRF_1945_1_BM_CD138pos_T1;VARDICT_TYPE=Deletion;VARDICT_DP=51;VARDICT_VD=7;VARDICT_AF=0.1373;VARDICT_SHIFT3=1;VARDICT_MSI=2;VARDICT_MSILEN=1;VARDICT_SSF=0.02556;VARDICT_SOR=inf;VARDICT_LSEQ=AGGCCCCGCCCCTGCCCTGG;VARDICT_RSEQ=GCCCCGCCCCTGCCCTGGAG;VARDICT_OGT=0/0,0/1;VARDICT_S1_VD=7;VARDICT_S2_VD=7;VARDICT_S1_ALD=0;VARDICT_S2_ALD=0;VARDICT_S1_RD=31;VARDICT_S2_RD=31;VARDICT_S1_AF=0.13729999959468842;VARDICT_S2_AF=0.13729999959468842;VARDICT_S1_BIAS=2,0;VARDICT_S2_BIAS=2,0;VARDICT_S1_PMEAN=20.299999237060547;VARDICT_S2_PMEAN=20.299999237060547;VARDICT_S1_PSTD=1.0;VARDICT_S2_PSTD=1.0;VARDICT_S1_QUAL=28.100000381469727;VARDICT_S2_QUAL=28.100000381469727;VARDICT_S1_QSTD=1.0;VARDICT_S2_QSTD=1.0;VARDICT_S1_SBF=0.0006699999794363976;VARDICT_S2_SBF=0.0006699999794363976;VARDICT_S1_ODDRATIO=0.0;VARDICT_S2_ODDRATIO=0.0;VARDICT_S1_MQ=45.400001525878906;VARDICT_S2_MQ=45.400001525878906;VARDICT_S1_SN=6.0;VARDICT_S2_SN=6.0;VARDICT_S1_HIAF=0.13040000200271606;VARDICT_S2_HIAF=0.13040000200271606;VARDICT_S1_ADJAF=0.019600000232458115;VARDICT_S2_ADJAF=0.019600000232458115;VARDICT_S1_NM=1.399999976158142;VARDICT_S2_NM=1.399999976158142;DBSNPv152;GNOMAD_GENOME;ANN=A|downstream_gene_variant|MODIFIER|SCNN1D|ENSG00000162572|transcript|ENST00000379116.10|protein_coding||c.*2157delG|||||1742|,A|downstream_gene_variant|MODIFIER|MIR6726|ENSG00000278073|transcript|ENST00000613751.1|miRNA||n.*2343delC|||||2343|,A|intron_variant|MODIFIER|ACAP3|ENSG00000131584|transcript|ENST00000354700.10|protein_coding|23/23|c.2360+56delC||||||",GT:DP:AR:AD,"0/0:33:0:33,0","0/1:51:0.1373:44,7"
chr1,1361836,rs2649611,A,G,174,.,"VTYPE=snv;CC=1;TPCE=VARDICT;VARDICT;VARDICT_STATUS=StrongSomatic;VARDICT_SAMPLE=MMRF_1945_1_BM_CD138pos_T1;VARDICT_TYPE=SNV;VARDICT_DP=59;VARDICT_VD=30;VARDICT_AF=0.5085;VARDICT_SHIFT3=0;VARDICT_MSI=2;VARDICT_MSILEN=1;VARDICT_SSF=0;VARDICT_SOR=inf;VARDICT_LSEQ=GAGGGACGTGAGGCTTCGGC;VARDICT_RSEQ=CCAGGAACCCCTGCGGGCTA;VARDICT_OGT=0/0,1/0;VARDICT_S1_VD=30;VARDICT_S2_VD=30;VARDICT_S1_ALD=3;VARDICT_S2_ALD=3;VARDICT_S1_RD=0;VARDICT_S2_RD=0;VARDICT_S1_AF=0.5084999799728394;VARDICT_S2_AF=0.5084999799728394;VARDICT_S1_BIAS=0,2;VARDICT_S2_BIAS=0,2;VARDICT_S1_PMEAN=25.5;VARDICT_S2_PMEAN=25.5;VARDICT_S1_PSTD=1.0;VARDICT_S2_PSTD=1.0;VARDICT_S1_QUAL=35.5;VARDICT_S2_QUAL=35.5;VARDICT_S1_QSTD=1.0;VARDICT_S2_QSTD=1.0;VARDICT_S1_SBF=1.0;VARDICT_S2_SBF=1.0;VARDICT_S1_ODDRATIO=0.0;VARDICT_S2_ODDRATIO=0.0;VARDICT_S1_MQ=60.0;VARDICT_S2_MQ=60.0;VARDICT_S1_SN=29.0;VARDICT_S2_SN=29.0;VARDICT_S1_HIAF=1.0;VARDICT_S2_HIAF=1.0;VARDICT_S1_ADJAF=0.016899999231100082;VARDICT_S2_ADJAF=0.016899999231100082;VARDICT_S1_NM=1.2000000476837158;VARDICT_S2_NM=1.2000000476837158;DBSNPv152;GNOMAD_GENOME;ANN=G|upstream_gene_variant|MODIFIER|MXRA8|ENSG00000162576|transcript|ENST00000445648.5|protein_coding||c.-3332T>C|||||3293|,G|intergenic_region|MODIFIER|MXRA8-AURKAIP1|ENSG00000162576-ENSG00000175756|intergenic_region|ENSG00000162576-ENSG00000175756|||n.1361836A>G||||||",GT:DP:AR:AD,"0/0:63:0:0,0","0/1:59:0.5085:0,30"
chr1,1388565,.,GTC,G,14.72,.,"VTYPE=del;CC=1;TPCE=OCTOPUS;OCTOPUS;OCTOPUS_AC=1;OCTOPUS_AN=5;OCTOPUS_DP=23;OCTOPUS_MP=30.47;OCTOPUS_MQ=60;OCTOPUS_MQ0=0;OCTOPUS_NS=2;OCTOPUS_PP=3.07;OCTOPUS_SOMATIC;OCTOPUS_OGT=0|0,0|0|1;OCTOPUS_S1_GQ=59;OCTOPUS_S2_GQ=59;OCTOPUS_S1_MQ=60;OCTOPUS_S2_MQ=60;OCTOPUS_S1_PS=1388565;OCTOPUS_S2_PS=1388565;OCTOPUS_S1_PQ=99;OCTOPUS_S2_PQ=99;OCTOPUS_S1_MAP_VAF=0.3100000023841858;OCTOPUS_S2_MAP_VAF=0.3100000023841858;OCTOPUS_S1_VAF_CR=0.15000000596046448;OCTOPUS_S2_VAF_CR=0.15000000596046448;OCTOPUS_S1_AF=0.400;OCTOPUS_S2_AF=0.400;OCTOPUS_S1_ADP=10;OCTOPUS_S2_ADP=10;OCTOPUS_S1_SB=0.302;OCTOPUS_S2_SB=0.302;OCTOPUS_S1_FT=PASS;OCTOPUS_S2_FT=PASS;OCTOPUS_S1_ADO=4;OCTOPUS_S2_ADO=4;GNOMAD_GENOME;ANN=G|intron_variant|MODIFIER|CCNL2|ENSG00000221978|transcript|ENST00000400809.8|protein_coding|8/10|c.1007-502_1007-501delGA||||||",GT:DP:AR:AD,"0|0:11:0:11,0","0|1:12:0.4:6,4"
chr1,1435463,rs1454992481,AGT,A,53,.,"VTYPE=del;CC=2;TPCE=VARDICT;VARDICT;OCTOPUS;VARDICT_STATUS=StrongSomatic;VARDICT_SAMPLE=MMRF_1945_1_BM_CD138pos_T1;VARDICT_TYPE=Deletion;VARDICT_DP=29;VARDICT_VD=3;VARDICT_AF=0.1034;VARDICT_SHIFT3=11;VARDICT_MSI=6;VARDICT_MSILEN=2;VARDICT_SSF=0.06127;VARDICT_SOR=inf;VARDICT_LSEQ=GGCCGGGAGAGGGAGACTGG;VARDICT_RSEQ=GTGTGTGTGTGCGTGCCTGC;VARDICT_OGT=0/0,0/1;OCTOPUS_AC=1;OCTOPUS_AN=5;OCTOPUS_DP=82;OCTOPUS_MP=63.66;OCTOPUS_MQ=59;OCTOPUS_MQ0=0;OCTOPUS_NS=2;OCTOPUS_PP=2.87;OCTOPUS_SOMATIC;OCTOPUS_OGT=0|0,0|0|1;OCTOPUS_S1_GT=0|0;OCTOPUS_S1_GQ=999;OCTOPUS_S1_DP=49;OCTOPUS_S1_MQ=60;OCTOPUS_S1_PS=1435463;OCTOPUS_S1_PQ=99;OCTOPUS_S1_MAP_VAF=.;OCTOPUS_S1_VAF_CR=.,.;OCTOPUS_S1_AD=52,0;OCTOPUS_S1_AF=.;OCTOPUS_S1_ADP=52;OCTOPUS_S1_SB=.;OCTOPUS_S1_FT=PASS;OCTOPUS_S1_ADO=0;OCTOPUS_S1_AR=0;OCTOPUS_S2_GT=0|1;OCTOPUS_S2_GQ=999;OCTOPUS_S2_DP=33;OCTOPUS_S2_MQ=59;OCTOPUS_S2_PS=1435463;OCTOPUS_S2_PQ=99;OCTOPUS_S2_MAP_VAF=0.12;OCTOPUS_S2_VAF_CR=0.047,0.22;OCTOPUS_S2_AD=31,4;OCTOPUS_S2_AF=0.114;OCTOPUS_S2_ADP=35;OCTOPUS_S2_SB=0.273;OCTOPUS_S2_FT=PASS;OCTOPUS_S2_ADO=4;OCTOPUS_S2_AR=0.1143;OCTOPUS_ID=.;OCTOPUS_QUAL=2;OCTOPUS_FILTER=PASS;DBSNPv152;GNOMAD_GENOME;ANN=A|upstream_gene_variant|MODIFIER|VWA1|ENSG00000179403|transcript|ENST00000476993.2|protein_coding||c.-285_-284delGT|||||226|,A|upstream_gene_variant|MODIFIER|LINC01770|ENSG00000225285|transcript|ENST00000417917.1|pseudogene||n.-945_-944delAC|||||944|,A|intragenic_variant|MODIFIER|VWA1|ENSG00000179403|gene_variant|ENSG00000179403|||n.1435464_1435465delGT||||||",GT:DP:AR:AD,"0/0:43:0:43,0","0/1:29:0.1034:26,3"
chr1,1495785,rs9792879,C,T,24.78,.,"VTYPE=snv;CC=1;TPCE=OCTOPUS;OCTOPUS;OCTOPUS_AC=1;OCTOPUS_AN=5;OCTOPUS_DP=73;OCTOPUS_MP=23.77;OCTOPUS_MQ=55;OCTOPUS_MQ0=0;OCTOPUS_NS=2;OCTOPUS_PP=4.29;OCTOPUS_SOMATIC;OCTOPUS_OGT=0|0,0|0|1;OCTOPUS_S1_GQ=999;OCTOPUS_S2_GQ=999;OCTOPUS_S1_MQ=56;OCTOPUS_S2_MQ=56;OCTOPUS_S1_PS=1495785;OCTOPUS_S2_PS=1495785;OCTOPUS_S1_PQ=99;OCTOPUS_S2_PQ=99;OCTOPUS_S1_MAP_VAF=0.12999999523162842;OCTOPUS_S2_MAP_VAF=0.12999999523162842;OCTOPUS_S1_VAF_CR=0.0560000017285347;OCTOPUS_S2_VAF_CR=0.0560000017285347;OCTOPUS_S1_AF=0.119;OCTOPUS_S2_AF=0.119;OCTOPUS_S1_ADP=42;OCTOPUS_S2_ADP=42;OCTOPUS_S1_SB=0.241;OCTOPUS_S2_SB=0.241;OCTOPUS_S1_FT=PASS;OCTOPUS_S2_FT=PASS;OCTOPUS_S1_ADO=5;OCTOPUS_S2_ADO=5;DBSNPv152;GNOMAD_EXOME;GNOMAD_GENOME;COSMIC;ANN=T|missense_variant|MODERATE|ATAD3B|ENSG00000160072|transcript|ENST00000673477.1|protein_coding|16/16|c.1915C>T|p.Pro639Ser|2035/4098|1915/1947|639/648||",GT:DP:AR:AD,"0|0:40:0:45,0","0|1:33:0.119:37,5"
chr1,1509413,rs1291545022,C,CG,75,.,"VTYPE=ins;CC=1;TPCE=VARDICT;VARDICT;VARDICT_STATUS=StrongSomatic;VARDICT_SAMPLE=MMRF_1945_1_BM_CD138pos_T1;VARDICT_TYPE=Insertion;VARDICT_DP=56;VARDICT_VD=4;VARDICT_AF=0.0714;VARDICT_SHIFT3=2;VARDICT_MSI=3;VARDICT_MSILEN=1;VARDICT_SSF=0.09757;VARDICT_SOR=inf;VARDICT_LSEQ=CCCTCCCACCCCTGCCTTTG;VARDICT_RSEQ=GGCCCCGCACATTTAGGAAA;VARDICT_OGT=0/0,0/1;VARDICT_S1_VD=4;VARDICT_S2_VD=4;VARDICT_S1_ALD=0;VARDICT_S2_ALD=0;VARDICT_S1_RD=16;VARDICT_S2_RD=16;VARDICT_S1_AF=0.0714000016450882;VARDICT_S2_AF=0.0714000016450882;VARDICT_S1_BIAS=2,0;VARDICT_S2_BIAS=2,0;VARDICT_S1_PMEAN=24.200000762939453;VARDICT_S2_PMEAN=24.200000762939453;VARDICT_S1_PSTD=1.0;VARDICT_S2_PSTD=1.0;VARDICT_S1_QUAL=37.900001525878906;VARDICT_S2_QUAL=37.900001525878906;VARDICT_S1_QSTD=1.0;VARDICT_S2_QSTD=1.0;VARDICT_S1_SBF=0.31053999066352844;VARDICT_S2_SBF=0.31053999066352844;VARDICT_S1_ODDRATIO=0.0;VARDICT_S2_ODDRATIO=0.0;VARDICT_S1_MQ=21.0;VARDICT_S2_MQ=21.0;VARDICT_S1_SN=8.0;VARDICT_S2_SN=8.0;VARDICT_S1_HIAF=0.08160000294446945;VARDICT_S2_HIAF=0.08160000294446945;VARDICT_S1_ADJAF=0.017899999395012856;VARDICT_S2_ADJAF=0.017899999395012856;VARDICT_S1_NM=1.2000000476837158;VARDICT_S2_NM=1.2000000476837158;DBSNPv152;GNOMAD_GENOME;ANN=CG|upstream_gene_variant|MODIFIER|ATAD3A|ENSG00000197785|transcript|ENST00000378755.9|protein_coding||c.-2856_-2855insG|||||2761|,CG|non_coding_transcript_exon_variant|MODIFIER|AL645728.2|ENSG00000284740|transcript|ENST00000641974.1|pseudogene|2/2|n.623dupG||||||INFO_REALIGN_3_PRIME",GT:DP:AR:AD,"0/0:43:0:43,0","0/1:56:0.0714:51,4"
chr1,1647255,rs74047815,T,C,.,.,"VTYPE=snv;CC=1;TPCE=MUTECT2;MUTECT2;MUTECT2_AS_FilterStatus=SITE;MUTECT2_AS_SB_TABLE=5,134|3,6;MUTECT2_DP=155;MUTECT2_ECNT=1;MUTECT2_GERMQ=93;MUTECT2_MBQ=39,34;MUTECT2_MFRL=206,250;MUTECT2_MMQ=60,33;MUTECT2_MPOS=1;MUTECT2_NALOD=1.8;MUTECT2_NLOD=18.56;MUTECT2_POPAF=6;MUTECT2_ROQ=56;MUTECT2_TLOD=15.46;MUTECT2_OGT=0/0,0/1;MUTECT2_S1_AF=0.10499999672174454;MUTECT2_S2_AF=0.10499999672174454;MUTECT2_S1_F1R2=45;MUTECT2_S2_F1R2=45;MUTECT2_S1_F2R1=30;MUTECT2_S2_F2R1=30;MUTECT2_S1_SB=3;MUTECT2_S2_SB=3;DBSNPv152;COSMIC;ANN=C|intron_variant|MODIFIER|CDK11B|ENSG00000248333|transcript|ENST00000407249.7|protein_coding|5/19|c.495-1993A>G||||||",GT:DP:AR:AD,"0/0:65:0.0154:64,1","0/1:83:0.0964:75,8"
chr1,1647915,rs1197938036,TC,T,58,.,"VTYPE=del;CC=1;TPCE=VARDICT;VARDICT;VARDICT_STATUS=StrongSomatic;VARDICT_SAMPLE=MMRF_1945_1_BM_CD138pos_T1;VARDICT_TYPE=Deletion;VARDICT_DP=20;VARDICT_VD=3;VARDICT_AF=0.15;VARDICT_SHIFT3=2;VARDICT_MSI=3;VARDICT_MSILEN=1;VARDICT_SSF=0.22984;VARDICT_SOR=inf;VARDICT_LSEQ=CCCAGTGGAACCTCCGTGCT;VARDICT_RSEQ=CCAAGTGCAGAGTGGAAGCA;VARDICT_OGT=0/0,0/1;VARDICT_S1_VD=3;VARDICT_S2_VD=3;VARDICT_S1_ALD=3;VARDICT_S2_ALD=3;VARDICT_S1_RD=16;VARDICT_S2_RD=16;VARDICT_S1_AF=0.15000000596046448;VARDICT_S2_AF=0.15000000596046448;VARDICT_S1_BIAS=1,0;VARDICT_S2_BIAS=1,0;VARDICT_S1_PMEAN=8.699999809265137;VARDICT_S2_PMEAN=8.699999809265137;VARDICT_S1_PSTD=1.0;VARDICT_S2_PSTD=1.0;VARDICT_S1_QUAL=37.099998474121094;VARDICT_S2_QUAL=37.099998474121094;VARDICT_S1_QSTD=1.0;VARDICT_S2_QSTD=1.0;VARDICT_S1_SBF=1.0;VARDICT_S2_SBF=1.0;VARDICT_S1_ODDRATIO=0.0;VARDICT_S2_ODDRATIO=0.0;VARDICT_S1_MQ=15.0;VARDICT_S2_MQ=15.0;VARDICT_S1_SN=6.0;VARDICT_S2_SN=6.0;VARDICT_S1_HIAF=0.15790000557899475;VARDICT_S2_HIAF=0.15790000557899475;VARDICT_S1_ADJAF=0.10000000149011612;VARDICT_S2_ADJAF=0.10000000149011612;VARDICT_S1_NM=0.30000001192092896;VARDICT_S2_NM=0.30000001192092896;DBSNPv152;ANN=T|intron_variant|MODIFIER|CDK11B|ENSG00000248333|transcript|ENST00000407249.7|protein_coding|5/19|c.494+1583delG||||||",GT:DP:AR:AD,"0/0:12:0:12,0","0/1:20:0.15:17,3"
chr1,1959265,.,G,GT,59,.,"VTYPE=ins;CC=2;TPCE=VARDICT;VARDICT;OCTOPUS;VARDICT_STATUS=StrongSomatic;VARDICT_SAMPLE=MMRF_1945_1_BM_CD138pos_T1;VARDICT_TYPE=Insertion;VARDICT_DP=37;VARDICT_VD=3;VARDICT_AF=0.0811;VARDICT_SHIFT3=10;VARDICT_MSI=11;VARDICT_MSILEN=1;VARDICT_SSF=0.13028;VARDICT_SOR=inf;VARDICT_LSEQ=CTGCAACTTTTGTGTGTTTT;VARDICT_RSEQ=TTTTTTTTTTGGACAGGGTC;VARDICT_OGT=0/0,0/1;OCTOPUS_AC=1;OCTOPUS_AN=5;OCTOPUS_DP=85;OCTOPUS_MP=29.3;OCTOPUS_MQ=59;OCTOPUS_MQ0=0;OCTOPUS_NS=2;OCTOPUS_PP=4.38;OCTOPUS_SOMATIC;OCTOPUS_OGT=0|0,0|0|1;OCTOPUS_S1_GT=0|0;OCTOPUS_S1_GQ=61;OCTOPUS_S1_DP=37;OCTOPUS_S1_MQ=60;OCTOPUS_S1_PS=1959265;OCTOPUS_S1_PQ=99;OCTOPUS_S1_MAP_VAF=.;OCTOPUS_S1_VAF_CR=.,.;OCTOPUS_S1_AD=49,0;OCTOPUS_S1_AF=.;OCTOPUS_S1_ADP=49;OCTOPUS_S1_SB=.;OCTOPUS_S1_FT=PASS;OCTOPUS_S1_ADO=0;OCTOPUS_S1_AR=0;OCTOPUS_S2_GT=0|1;OCTOPUS_S2_GQ=61;OCTOPUS_S2_DP=48;OCTOPUS_S2_MQ=59;OCTOPUS_S2_PS=1959265;OCTOPUS_S2_PQ=99;OCTOPUS_S2_MAP_VAF=0.13;OCTOPUS_S2_VAF_CR=0.062,0.21;OCTOPUS_S2_AD=41,7;OCTOPUS_S2_AF=0.146;OCTOPUS_S2_ADP=48;OCTOPUS_S2_SB=0.312;OCTOPUS_S2_FT=PASS;OCTOPUS_S2_ADO=7;OCTOPUS_S2_AR=0.1458;OCTOPUS_ID=.;OCTOPUS_QUAL=4;OCTOPUS_FILTER=PASS;GNOMAD_GENOME;ANN=GT|intron_variant|MODIFIER|CFAP74|ENSG00000142609|transcript|ENST00000493964.5|protein_coding|15/37|c.1762-57_1762-56insA||||||",GT:DP:AR:AD,"0/0:35:0:32,0","0/1:37:0.0811:27,3"
chr1,2187285,.,CT,C,73,.,"VTYPE=del;CC=1;TPCE=VARDICT;VARDICT;VARDICT_STATUS=StrongSomatic;VARDICT_SAMPLE=MMRF_1945_1_BM_CD138pos_T1;VARDICT_TYPE=Deletion;VARDICT_DP=74;VARDICT_VD=4;VARDICT_AF=0.0541;VARDICT_SHIFT3=10;VARDICT_MSI=11;VARDICT_MSILEN=1;VARDICT_SSF=0.14007;VARDICT_SOR=inf;VARDICT_LSEQ=AAGGTTTCTGAAGCCATTTT;VARDICT_RSEQ=TTTTTTTTTTCTTTTTCTTT;VARDICT_OGT=0/0,0/1;VARDICT_S1_VD=4;VARDICT_S2_VD=4;VARDICT_S1_ALD=0;VARDICT_S2_ALD=0;VARDICT_S1_RD=0;VARDICT_S2_RD=0;VARDICT_S1_AF=0.054099999368190765;VARDICT_S2_AF=0.054099999368190765;VARDICT_S1_BIAS=1,0;VARDICT_S2_BIAS=1,0;VARDICT_S1_PMEAN=26.799999237060547;VARDICT_S2_PMEAN=26.799999237060547;VARDICT_S1_PSTD=1.0;VARDICT_S2_PSTD=1.0;VARDICT_S1_QUAL=36.5;VARDICT_S2_QUAL=36.5;VARDICT_S1_QSTD=1.0;VARDICT_S2_QSTD=1.0;VARDICT_S1_SBF=1.0;VARDICT_S2_SBF=1.0;VARDICT_S1_ODDRATIO=0.0;VARDICT_S2_ODDRATIO=0.0;VARDICT_S1_MQ=60.0;VARDICT_S2_MQ=60.0;VARDICT_S1_SN=8.0;VARDICT_S2_SN=8.0;VARDICT_S1_HIAF=0.056299999356269836;VARDICT_S2_HIAF=0.056299999356269836;VARDICT_S1_ADJAF=0.0;VARDICT_S2_ADJAF=0.0;VARDICT_S1_NM=0.5;VARDICT_S2_NM=0.5;GNOMAD_GENOME;ANN=C|upstream_gene_variant|MODIFIER|PRKCZ-AS1|ENSG00000182873|transcript|ENST00000333854.2|pseudogene||n.-3411delA|||||3411|,C|downstream_gene_variant|MODIFIER|PRKCZ|ENSG00000067606|transcript|ENST00000378567.8|protein_coding||c.*2277delT|||||1891|,C|intron_variant|MODIFIER|FAAP20|ENSG00000162585|transcript|ENST00000414253.5|nonsense_mediated_decay|4/6|c.540-80delA||||||",GT:DP:AR:AD,"0/0:46:0:45,0","0/1:74:0.0541:69,4"
chr1,2187303,.,C,CT,76,.,"VTYPE=ins;CC=1;TPCE=VARDICT;VARDICT;VARDICT_STATUS=StrongSomatic;VARDICT_SAMPLE=MMRF_1945_1_BM_CD138pos_T1;VARDICT_TYPE=Insertion;VARDICT_DP=60;VARDICT_VD=4;VARDICT_AF=0.0667;VARDICT_SHIFT3=10;VARDICT_MSI=11;VARDICT_MSILEN=1;VARDICT_SSF=0.15317;VARDICT_SOR=inf;VARDICT_LSEQ=TTCTTTTTTTTTTTCTTTTT;VARDICT_RSEQ=TTTTTTTTTTCTTTTTTTTG;VARDICT_OGT=0/0,0/1;VARDICT_S1_VD=4;VARDICT_S2_VD=4;VARDICT_S1_ALD=0;VARDICT_S2_ALD=0;VARDICT_S1_RD=0;VARDICT_S2_RD=0;VARDICT_S1_AF=0.06669999659061432;VARDICT_S2_AF=0.06669999659061432;VARDICT_S1_BIAS=1,0;VARDICT_S2_BIAS=1,0;VARDICT_S1_PMEAN=12.800000190734863;VARDICT_S2_PMEAN=12.800000190734863;VARDICT_S1_PSTD=1.0;VARDICT_S2_PSTD=1.0;VARDICT_S1_QUAL=38.20000076293945;VARDICT_S2_QUAL=38.20000076293945;VARDICT_S1_QSTD=1.0;VARDICT_S2_QSTD=1.0;VARDICT_S1_SBF=1.0;VARDICT_S2_SBF=1.0;VARDICT_S1_ODDRATIO=0.0;VARDICT_S2_ODDRATIO=0.0;VARDICT_S1_MQ=59.79999923706055;VARDICT_S2_MQ=59.79999923706055;VARDICT_S1_SN=8.0;VARDICT_S2_SN=8.0;VARDICT_S1_HIAF=0.08699999749660492;VARDICT_S2_HIAF=0.08699999749660492;VARDICT_S1_ADJAF=0.016699999570846558;VARDICT_S2_ADJAF=0.016699999570846558;VARDICT_S1_NM=1.399999976158142;VARDICT_S2_NM=1.399999976158142;GNOMAD_GENOME;ANN=CT|upstream_gene_variant|MODIFIER|PRKCZ-AS1|ENSG00000182873|transcript|ENST00000333854.2|pseudogene||n.-3429_-3428insA|||||3429|,CT|downstream_gene_variant|MODIFIER|PRKCZ|ENSG00000067606|transcript|ENST00000378567.8|protein_coding||c.*2294_*2295insT|||||1909|,CT|intron_variant|MODIFIER|FAAP20|ENSG00000162585|transcript|ENST00000414253.5|nonsense_mediated_decay|4/6|c.540-98_540-97insA||||||",GT:DP:AR:AD,"0/0:35:0:35,0","0/1:60:0.0667:50,4"
chr1,2494989,rs774037572,AGTGTCCTCCCTGCTCCCAGTGCCCC,A,76,.,"VTYPE=del;CC=1;TPCE=VARDICT;VARDICT;VARDICT_STATUS=StrongSomatic;VARDICT_SAMPLE=MMRF_1945_1_BM_CD138pos_T1;VARDICT_TYPE=Deletion;VARDICT_DP=36;VARDICT_VD=5;VARDICT_AF=0.1389;VARDICT_SHIFT3=50;VARDICT_MSI=4;VARDICT_MSILEN=1;VARDICT_SSF=0.04944;VARDICT_SOR=inf;VARDICT_LSEQ=CAGGGTCCCGGTCTGGGCCC;VARDICT_RSEQ=GTGTCCTCCCTGCTCCCAGT;VARDICT_OGT=0/0,0/1;VARDICT_S1_VD=5;VARDICT_S2_VD=5;VARDICT_S1_ALD=1;VARDICT_S2_ALD=1;VARDICT_S1_RD=0;VARDICT_S2_RD=0;VARDICT_S1_AF=0.1388999968767166;VARDICT_S2_AF=0.1388999968767166;VARDICT_S1_BIAS=1,2;VARDICT_S2_BIAS=1,2;VARDICT_S1_PMEAN=12.0;VARDICT_S2_PMEAN=12.0;VARDICT_S1_PSTD=1.0;VARDICT_S2_PSTD=1.0;VARDICT_S1_QUAL=33.099998474121094;VARDICT_S2_QUAL=33.099998474121094;VARDICT_S1_QSTD=1.0;VARDICT_S2_QSTD=1.0;VARDICT_S1_SBF=0.13888999819755554;VARDICT_S2_SBF=0.13888999819755554;VARDICT_S1_ODDRATIO=0.0;VARDICT_S2_ODDRATIO=0.0;VARDICT_S1_MQ=41.400001525878906;VARDICT_S2_MQ=41.400001525878906;VARDICT_S1_SN=10.0;VARDICT_S2_SN=10.0;VARDICT_S1_HIAF=0.1388999968767166;VARDICT_S2_HIAF=0.1388999968767166;VARDICT_S1_ADJAF=0.1388999968767166;VARDICT_S2_ADJAF=0.1388999968767166;VARDICT_S1_NM=0.0;VARDICT_S2_NM=0.0;DBSNPv152;GNOMAD_EXOME;GNOMAD_GENOME;ANN=A|upstream_gene_variant|MODIFIER|AL139246.1|ENSG00000224387|transcript|ENST00000424657.1|pseudogene||n.-1756_-1732delGGGGCACTGGGAGCAGGGAGGACAC|||||1732|,A|upstream_gene_variant|MODIFIER|AL139246.4|ENSG00000229393|transcript|ENST00000442305.1|pseudogene||n.-535_-511delGGGGCACTGGGAGCAGGGAGGACAC|||||511|,A|intron_variant|MODIFIER|PLCH2|ENSG00000149527|transcript|ENST00000378486.8|protein_coding|12/21|c.1752+42_1752+66delGTGTCCTCCCTGCTCCCAGTGCCCC||||||",GT:DP:AR:AD,"0/0:28:0:28,0","0/1:36:0.1389:31,5"
chr1,2498686,rs1299513686,T,G,45,.,"VTYPE=snv;CC=1;TPCE=VARDICT;VARDICT;VARDICT_STATUS=StrongSomatic;VARDICT_SAMPLE=MMRF_1945_1_BM_CD138pos_T1;VARDICT_TYPE=SNV;VARDICT_DP=42;VARDICT_VD=4;VARDICT_AF=0.0952;VARDICT_SHIFT3=0;VARDICT_MSI=5;VARDICT_MSILEN=1;VARDICT_SSF=0.09209;VARDICT_SOR=inf;VARDICT_LSEQ=CAGGCGGGAGGGGTGGGAGT;VARDICT_RSEQ=GGGGGCGGGCCGGGCATCGC;VARDICT_OGT=0/0,0/1;VARDICT_S1_VD=4;VARDICT_S2_VD=4;VARDICT_S1_ALD=0;VARDICT_S2_ALD=0;VARDICT_S1_RD=36;VARDICT_S2_RD=36;VARDICT_S1_AF=0.09520000219345093;VARDICT_S2_AF=0.09520000219345093;VARDICT_S1_BIAS=2,0;VARDICT_S2_BIAS=2,0;VARDICT_S1_PMEAN=12.0;VARDICT_S2_PMEAN=12.0;VARDICT_S1_PSTD=1.0;VARDICT_S2_PSTD=1.0;VARDICT_S1_QUAL=22.5;VARDICT_S2_QUAL=22.5;VARDICT_S1_QSTD=1.0;VARDICT_S2_QSTD=1.0;VARDICT_S1_SBF=0.00013000000035390258;VARDICT_S2_SBF=0.00013000000035390258;VARDICT_S1_ODDRATIO=0.0;VARDICT_S2_ODDRATIO=0.0;VARDICT_S1_MQ=60.0;VARDICT_S2_MQ=60.0;VARDICT_S1_SN=8.0;VARDICT_S2_SN=8.0;VARDICT_S1_HIAF=0.11429999768733978;VARDICT_S2_HIAF=0.11429999768733978;VARDICT_S1_ADJAF=0.047600001096725464;VARDICT_S2_ADJAF=0.047600001096725464;VARDICT_S1_NM=3.200000047683716;VARDICT_S2_NM=3.200000047683716;DBSNPv152;GNOMAD_EXOME;ANN=G|upstream_gene_variant|MODIFIER|AL139246.4|ENSG00000229393|transcript|ENST00000442305.1|pseudogene||n.-4207A>C|||||4207|,G|intron_variant|MODIFIER|PLCH2|ENSG00000149527|transcript|ENST00000378486.8|protein_coding|17/21|c.2349+39T>G||||||",GT:DP:AR:AD,"0/0:33:0:33,0","0/1:42:0.0952:38,4"
chr1,3872614,.,G,GGGCCCTGTCCCTGCCCCTGTCCCTGCCGC,93,.,"VTYPE=ins;CC=1;TPCE=VARDICT;VARDICT;VARDICT_STATUS=StrongSomatic;VARDICT_SAMPLE=MMRF_1945_1_BM_CD138pos_T1;VARDICT_TYPE=Insertion;VARDICT_DP=94;VARDICT_VD=10;VARDICT_AF=0.1064;VARDICT_SHIFT3=15;VARDICT_MSI=3;VARDICT_MSILEN=1;VARDICT_SSF=0.00095;VARDICT_SOR=inf;VARDICT_LSEQ=CAGACCCACGAGTGCCTGCA;VARDICT_RSEQ=GGCCCTGTCCCTGCCGTGGC;VARDICT_OGT=0/0,0/1;VARDICT_S1_VD=10;VARDICT_S2_VD=10;VARDICT_S1_ALD=1;VARDICT_S2_ALD=1;VARDICT_S1_RD=25;VARDICT_S2_RD=25;VARDICT_S1_AF=0.10639999806880951;VARDICT_S2_AF=0.10639999806880951;VARDICT_S1_BIAS=2,2;VARDICT_S2_BIAS=2,2;VARDICT_S1_PMEAN=8.600000381469727;VARDICT_S2_PMEAN=8.600000381469727;VARDICT_S1_PSTD=1.0;VARDICT_S2_PSTD=1.0;VARDICT_S1_QUAL=28.0;VARDICT_S2_QUAL=28.0;VARDICT_S1_QSTD=1.0;VARDICT_S2_QSTD=1.0;VARDICT_S1_SBF=0.1559000015258789;VARDICT_S2_SBF=0.1559000015258789;VARDICT_S1_ODDRATIO=4.82004976272583;VARDICT_S2_ODDRATIO=4.82004976272583;VARDICT_S1_MQ=30.299999237060547;VARDICT_S2_MQ=30.299999237060547;VARDICT_S1_SN=20.0;VARDICT_S2_SN=20.0;VARDICT_S1_HIAF=0.14710000157356262;VARDICT_S2_HIAF=0.14710000157356262;VARDICT_S1_ADJAF=0.09570000320672989;VARDICT_S2_ADJAF=0.09570000320672989;VARDICT_S1_NM=1.600000023841858;VARDICT_S2_NM=1.600000023841858;ANN=GGGCCCTGTCCCTGCCCCTGTCCCTGCCGC|intron_variant|MODIFIER|DFFB|ENSG00000169598|transcript|ENST00000338895.7|protein_coding|6/6|c.854+42_854+43insGGCCCTGTCCCTGCCCCTGTCCCTGCCGC||||||",GT:DP:AR:AD,"0/0:90:0:90,0","0/1:94:0.1064:71,10"
chr1,6094348,.,G,A,.,.,"VTYPE=snv;CC=2;TPCE=STRELKA2;STRELKA2;OCTOPUS;STRELKA2_SOMATIC;STRELKA2_QSS=31;STRELKA2_TQSS=1;STRELKA2_NT=ref;STRELKA2_QSS_NT=31;STRELKA2_TQSS_NT=1;STRELKA2_SGT=GG->AG;STRELKA2_DP=48;STRELKA2_MQ=60;STRELKA2_MQ0=0;STRELKA2_ReadPosRankSum=-0.31;STRELKA2_SNVSB=0;STRELKA2_SomaticEVS=7.67;OCTOPUS_AC=1;OCTOPUS_AN=5;OCTOPUS_DP=48;OCTOPUS_MP=61.01;OCTOPUS_MQ=60;OCTOPUS_MQ0=0;OCTOPUS_NS=2;OCTOPUS_PP=3.46;OCTOPUS_SOMATIC;OCTOPUS_OGT=0|0,0|0|1;OCTOPUS_S1_GT=0|0;OCTOPUS_S1_GQ=999;OCTOPUS_S1_DP=18;OCTOPUS_S1_MQ=60;OCTOPUS_S1_PS=6094348;OCTOPUS_S1_PQ=99;OCTOPUS_S1_MAP_VAF=.;OCTOPUS_S1_VAF_CR=.,.;OCTOPUS_S1_AD=20,0;OCTOPUS_S1_AF=.;OCTOPUS_S1_ADP=20;OCTOPUS_S1_SB=.;OCTOPUS_S1_FT=PASS;OCTOPUS_S1_ADO=0;OCTOPUS_S1_AR=0;OCTOPUS_S2_GT=0|1;OCTOPUS_S2_GQ=999;OCTOPUS_S2_DP=30;OCTOPUS_S2_MQ=60;OCTOPUS_S2_PS=6094348;OCTOPUS_S2_PQ=99;OCTOPUS_S2_MAP_VAF=0.093;OCTOPUS_S2_VAF_CR=0.028,0.19;OCTOPUS_S2_AD=29,3;OCTOPUS_S2_AF=0.094;OCTOPUS_S2_ADP=32;OCTOPUS_S2_SB=0.275;OCTOPUS_S2_FT=PASS;OCTOPUS_S2_ADO=3;OCTOPUS_S2_AR=0.0938;OCTOPUS_ID=.;OCTOPUS_QUAL=3;OCTOPUS_FILTER=PASS;ANN=A|intron_variant|MODIFIER|KCNAB2|ENSG00000069424|transcript|ENST00000378083.7|protein_coding|10/15|c.647-52G>A||||||",GT:DP:AR:AD,"0/0:18:0:18,0","0/1:30:0.1:27,3"
chr1,6417952,rs540148814,G,GA,5.62,.,"VTYPE=ins;CC=1;TPCE=OCTOPUS;OCTOPUS;OCTOPUS_AC=1;OCTOPUS_AN=5;OCTOPUS_DP=196;OCTOPUS_MP=55.81;OCTOPUS_MQ=59;OCTOPUS_MQ0=0;OCTOPUS_NS=2;OCTOPUS_PP=5.62;OCTOPUS_SOMATIC;OCTOPUS_OGT=0|0,0|0|1;OCTOPUS_S1_GQ=999;OCTOPUS_S2_GQ=999;OCTOPUS_S1_MQ=60;OCTOPUS_S2_MQ=60;OCTOPUS_S1_PS=6417952;OCTOPUS_S2_PS=6417952;OCTOPUS_S1_PQ=99;OCTOPUS_S2_PQ=99;OCTOPUS_S1_MAP_VAF=0.061000000685453415;OCTOPUS_S2_MAP_VAF=0.061000000685453415;OCTOPUS_S1_VAF_CR=0.029999999329447746;OCTOPUS_S2_VAF_CR=0.029999999329447746;OCTOPUS_S1_AF=0.050;OCTOPUS_S2_AF=0.050;OCTOPUS_S1_ADP=139;OCTOPUS_S2_ADP=139;OCTOPUS_S1_SB=0.216;OCTOPUS_S2_SB=0.216;OCTOPUS_S1_FT=PASS;OCTOPUS_S2_FT=PASS;OCTOPUS_S1_ADO=7;OCTOPUS_S2_ADO=7;DBSNPv152;GNOMAD_GENOME;ANN=GA|3_prime_UTR_variant|MODIFIER|HES2|ENSG00000069812|transcript|ENST00000377834.8|protein_coding|4/4|c.*920dupT|||||920|",GT:DP:AR:AD,"0|0:75:0:82,0","0|1:121:0.0504:132,7"
chr1,6667742,rs374290353,TTC,T,11.68,.,"VTYPE=del;CC=1;TPCE=OCTOPUS;OCTOPUS;OCTOPUS_AC=1;OCTOPUS_AN=5;OCTOPUS_DP=116;OCTOPUS_MP=36.69;OCTOPUS_MQ=60;OCTOPUS_MQ0=0;OCTOPUS_NS=2;OCTOPUS_PP=11.46;OCTOPUS_SOMATIC;OCTOPUS_OGT=0|0,0|0|1;OCTOPUS_S1_GQ=224;OCTOPUS_S2_GQ=224;OCTOPUS_S1_MQ=60;OCTOPUS_S2_MQ=60;OCTOPUS_S1_PS=6667742;OCTOPUS_S2_PS=6667742;OCTOPUS_S1_PQ=99;OCTOPUS_S2_PQ=99;OCTOPUS_S1_MAP_VAF=0.10999999940395355;OCTOPUS_S2_MAP_VAF=0.10999999940395355;OCTOPUS_S1_VAF_CR=0.054999999701976776;OCTOPUS_S2_VAF_CR=0.054999999701976776;OCTOPUS_S1_AF=0.107;OCTOPUS_S2_AF=0.107;OCTOPUS_S1_ADP=56;OCTOPUS_S2_ADP=56;OCTOPUS_S1_SB=0.077;OCTOPUS_S2_SB=0.077;OCTOPUS_S1_FT=PASS;OCTOPUS_S2_FT=PASS;OCTOPUS_S1_ADO=6;OCTOPUS_S2_ADO=6;DBSNPv152;GNOMAD_EXOME;GNOMAD_GENOME;ANN=T|frameshift_variant|HIGH|DNAJC11|ENSG00000007923|transcript|ENST00000377577.10|protein_coding|4/16|c.343_344delGA|p.Glu115fs|360/3201|343/1680|115/559||;LOF=(DNAJC11|ENSG00000007923|1|1.00)",GT:DP:AR:AD,"0|0:61:0:69,0","0|1:55:0.1071:50,6"
chr1,7766593,.,GCA,G,13.48,.,"VTYPE=del;CC=1;TPCE=OCTOPUS;OCTOPUS;OCTOPUS_AC=1;OCTOPUS_AN=5;OCTOPUS_DP=310;OCTOPUS_MP=34.47;OCTOPUS_MQ=60;OCTOPUS_MQ0=0;OCTOPUS_NS=2;OCTOPUS_PP=13.48;OCTOPUS_SOMATIC;OCTOPUS_OGT=0|0,0|0|1;OCTOPUS_S1_GQ=999;OCTOPUS_S2_GQ=999;OCTOPUS_S1_MQ=60;OCTOPUS_S2_MQ=60;OCTOPUS_S1_PS=7766593;OCTOPUS_S2_PS=7766593;OCTOPUS_S1_PQ=99;OCTOPUS_S2_PQ=99;OCTOPUS_S1_MAP_VAF=0.05900000035762787;OCTOPUS_S2_MAP_VAF=0.05900000035762787;OCTOPUS_S1_VAF_CR=0.03099999949336052;OCTOPUS_S2_VAF_CR=0.03099999949336052;OCTOPUS_S1_AF=0.057;OCTOPUS_S2_AF=0.057;OCTOPUS_S1_ADP=210;OCTOPUS_S2_ADP=210;OCTOPUS_S1_SB=0.075;OCTOPUS_S2_SB=0.075;OCTOPUS_S1_FT=PASS;OCTOPUS_S2_FT=PASS;OCTOPUS_S1_ADO=12;OCTOPUS_S2_ADO=12;GNOMAD_GENOME;ANN=G|3_prime_UTR_variant|MODIFIER|CAMTA1|ENSG00000171735|transcript|ENST00000303635.12|protein_coding|23/23|c.*114_*115delAC|||||114|INFO_REALIGN_3_PRIME,G|upstream_gene_variant|MODIFIER|VAMP3|ENSG00000049245|transcript|ENST00000054666.11|protein_coding||c.-4790_-4789delCA|||||4702|",GT:DP:AR:AD,"0|0:163:0:202,0","0|1:147:0.0571:198,12"
chr1,9057312,rs11121310,A,G,27.04,.,"VTYPE=snv;CC=1;TPCE=OCTOPUS;OCTOPUS;OCTOPUS_AC=1;OCTOPUS_AN=5;OCTOPUS_DP=34;OCTOPUS_MP=17.41;OCTOPUS_MQ=51;OCTOPUS_MQ0=0;OCTOPUS_NS=2;OCTOPUS_PP=25.06;OCTOPUS_SOMATIC;OCTOPUS_OGT=0|0,0|0|1;OCTOPUS_S1_GQ=166;OCTOPUS_S2_GQ=166;OCTOPUS_S1_MQ=53;OCTOPUS_S2_MQ=53;OCTOPUS_S1_PS=9057312;OCTOPUS_S2_PS=9057312;OCTOPUS_S1_PQ=99;OCTOPUS_S2_PQ=99;OCTOPUS_S1_MAP_VAF=0.33000001311302185;OCTOPUS_S2_MAP_VAF=0.33000001311302185;OCTOPUS_S1_VAF_CR=0.20999999344348907;OCTOPUS_S2_VAF_CR=0.20999999344348907;OCTOPUS_S1_AF=0.250;OCTOPUS_S2_AF=0.250;OCTOPUS_S1_ADP=28;OCTOPUS_S2_ADP=28;OCTOPUS_S1_SB=0.720;OCTOPUS_S2_SB=0.720;OCTOPUS_S1_FT=PASS;OCTOPUS_S2_FT=PASS;OCTOPUS_S1_ADO=7;OCTOPUS_S2_ADO=7;DBSNPv152;GNOMAD_GENOME;ANN=G|intron_variant|MODIFIER|SLC2A5|ENSG00000142583|transcript|ENST00000377424.9|protein_coding|3/11|c.293+136T>C||||||",GT:DP:AR:AD,"0|0:11:0:15,0","0|1:23:0.25:21,7"
chr1,9369205,.,G,GT,72,.,"VTYPE=ins;CC=1;TPCE=OCTOPUS;OCTOPUS;OCTOPUS_AC=1;OCTOPUS_AN=5;OCTOPUS_DP=146;OCTOPUS_MP=55.2;OCTOPUS_MQ=59;OCTOPUS_MQ0=0;OCTOPUS_NS=2;OCTOPUS_PP=71.82;OCTOPUS_SOMATIC;OCTOPUS_OGT=0|0,0|0|1;OCTOPUS_S1_GQ=237;OCTOPUS_S2_GQ=237;OCTOPUS_S1_MQ=60;OCTOPUS_S2_MQ=60;OCTOPUS_S1_PS=9369205;OCTOPUS_S2_PS=9369205;OCTOPUS_S1_PQ=99;OCTOPUS_S2_PQ=99;OCTOPUS_S1_MAP_VAF=0.18000000715255737;OCTOPUS_S2_MAP_VAF=0.18000000715255737;OCTOPUS_S1_VAF_CR=0.10999999940395355;OCTOPUS_S2_VAF_CR=0.10999999940395355;OCTOPUS_S1_AF=0.162;OCTOPUS_S2_AF=0.162;OCTOPUS_S1_ADP=74;OCTOPUS_S2_ADP=74;OCTOPUS_S1_SB=0.078;OCTOPUS_S2_SB=0.078;OCTOPUS_S1_FT=PASS;OCTOPUS_S2_FT=PASS;OCTOPUS_S1_ADO=12;OCTOPUS_S2_ADO=12;GNOMAD_GENOME;ANN=GT|3_prime_UTR_variant|MODIFIER|SPSB1|ENSG00000171621|transcript|ENST00000328089.11|protein_coding|3/3|c.*1640dupT|||||1641|INFO_REALIGN_3_PRIME",GT:DP:AR:AD,"0|0:69:0:74,0","0|1:77:0.1622:62,12"
chr1,9611199,.,CTTT,C,20.16,.,"VTYPE=del;CC=1;TPCE=OCTOPUS;OCTOPUS;OCTOPUS_AC=1;OCTOPUS_AN=4;OCTOPUS_DP=187;OCTOPUS_MP=0;OCTOPUS_MQ=59;OCTOPUS_MQ0=0;OCTOPUS_NS=2;OCTOPUS_PP=20.16;OCTOPUS_SOMATIC;OCTOPUS_OGT=0|0,0|0|1|0;OCTOPUS_S1_GQ=81;OCTOPUS_S2_GQ=81;OCTOPUS_S1_MQ=59;OCTOPUS_S2_MQ=59;OCTOPUS_S1_PS=9611199;OCTOPUS_S2_PS=9611199;OCTOPUS_S1_PQ=99;OCTOPUS_S2_PQ=99;OCTOPUS_S1_MAP_VAF=0.12999999523162842;OCTOPUS_S2_MAP_VAF=0.12999999523162842;OCTOPUS_S1_VAF_CR=0.04899999871850014;OCTOPUS_S2_VAF_CR=0.04899999871850014;OCTOPUS_S1_AF=0.051;OCTOPUS_S2_AF=0.051;OCTOPUS_S1_ADP=175;OCTOPUS_S2_ADP=175;OCTOPUS_S1_SB=0.530;OCTOPUS_S2_SB=0.530;OCTOPUS_S1_FT=PASS;OCTOPUS_S2_FT=PASS;OCTOPUS_S1_ADO=9;OCTOPUS_S2_ADO=9;GNOMAD_GENOME;ANN=C|intron_variant|MODIFIER|TMEM201|ENSG00000188807|transcript|ENST00000340381.11|protein_coding|9/10|c.1765+395_1765+397delTTT||||||",GT:DP:AR:AD,"0|0:91:0:152,0","0|1:96:0.0514:166,9"
chr1,9971973,.,G,GA,25.8,.,"VTYPE=ins;CC=1;TPCE=OCTOPUS;OCTOPUS;OCTOPUS_AC=1;OCTOPUS_AN=5;OCTOPUS_DP=267;OCTOPUS_MP=50.96;OCTOPUS_MQ=60;OCTOPUS_MQ0=0;OCTOPUS_NS=2;OCTOPUS_PP=25.8;OCTOPUS_SOMATIC;OCTOPUS_OGT=0|0,0|0|1;OCTOPUS_S1_GQ=999;OCTOPUS_S2_GQ=999;OCTOPUS_S1_MQ=60;OCTOPUS_S2_MQ=60;OCTOPUS_S1_PS=9971973;OCTOPUS_S2_PS=9971973;OCTOPUS_S1_PQ=99;OCTOPUS_S2_PQ=99;OCTOPUS_S1_MAP_VAF=0.07800000160932541;OCTOPUS_S2_MAP_VAF=0.07800000160932541;OCTOPUS_S1_VAF_CR=0.04600000008940697;OCTOPUS_S2_VAF_CR=0.04600000008940697;OCTOPUS_S1_AF=0.063;OCTOPUS_S2_AF=0.063;OCTOPUS_S1_ADP=175;OCTOPUS_S2_ADP=175;OCTOPUS_S1_SB=0.074;OCTOPUS_S2_SB=0.074;OCTOPUS_S1_FT=PASS;OCTOPUS_S2_FT=PASS;OCTOPUS_S1_ADO=11;OCTOPUS_S2_ADO=11;GNOMAD_GENOME;ANN=GA|downstream_gene_variant|MODIFIER|MIR5697|ENSG00000265521|transcript|ENST00000578045.1|miRNA||n.*4515_*4516insA|||||4516|,GA|intron_variant|MODIFIER|NMNAT1|ENSG00000173614|transcript|ENST00000377205.6|protein_coding|1/4|c.-56-45_-56-44insA||||||",GT:DP:AR:AD,"0|0:123:0:136,0","0|1:144:0.0629:164,11"
chr1,10008053,.,CA,C,2.4,.,"VTYPE=del;CC=1;TPCE=OCTOPUS;OCTOPUS;OCTOPUS_AC=1;OCTOPUS_AN=5;OCTOPUS_DP=36;OCTOPUS_MP=20.44;OCTOPUS_MQ=57;OCTOPUS_MQ0=0;OCTOPUS_NS=2;OCTOPUS_PP=1.68;OCTOPUS_SOMATIC;OCTOPUS_OGT=0|0,0|0|1;OCTOPUS_S1_GQ=273;OCTOPUS_S2_GQ=273;OCTOPUS_S1_MQ=58;OCTOPUS_S2_MQ=58;OCTOPUS_S1_PS=10008053;OCTOPUS_S2_PS=10008053;OCTOPUS_S1_PQ=99;OCTOPUS_S2_PQ=99;OCTOPUS_S1_MAP_VAF=0.1899999976158142;OCTOPUS_S2_MAP_VAF=0.1899999976158142;OCTOPUS_S1_VAF_CR=0.08699999749660492;OCTOPUS_S2_VAF_CR=0.08699999749660492;OCTOPUS_S1_AF=0.172;OCTOPUS_S2_AF=0.172;OCTOPUS_S1_ADP=29;OCTOPUS_S2_ADP=29;OCTOPUS_S1_SB=0.078;OCTOPUS_S2_SB=0.078;OCTOPUS_S1_FT=PASS;OCTOPUS_S2_FT=PASS;OCTOPUS_S1_ADO=5;OCTOPUS_S2_ADO=5;GNOMAD_GENOME;ANN=C|intron_variant|MODIFIER|RBP7|ENSG00000162444|transcript|ENST00000294435.8|protein_coding|2/3|c.253-119delA||||||",GT:DP:AR:AD,"0|0:11:0:15,0","0|1:25:0.1724:24,5"
chr1,10117622,.,T,TA,16.09,.,"VTYPE=ins;CC=1;TPCE=OCTOPUS;OCTOPUS;OCTOPUS_AC=1;OCTOPUS_AN=5;OCTOPUS_DP=88;OCTOPUS_MP=25;OCTOPUS_MQ=60;OCTOPUS_MQ0=0;OCTOPUS_NS=2;OCTOPUS_PP=16.09;OCTOPUS_SOMATIC;OCTOPUS_OGT=0|0,0|0|1;OCTOPUS_S1_GQ=53;OCTOPUS_S2_GQ=53;OCTOPUS_S1_MQ=60;OCTOPUS_S2_MQ=60;OCTOPUS_S1_PS=10117622;OCTOPUS_S2_PS=10117622;OCTOPUS_S1_PQ=99;OCTOPUS_S2_PQ=99;OCTOPUS_S1_MAP_VAF=0.12999999523162842;OCTOPUS_S2_MAP_VAF=0.12999999523162842;OCTOPUS_S1_VAF_CR=0.06400000303983688;OCTOPUS_S2_VAF_CR=0.06400000303983688;OCTOPUS_S1_AF=0.128;OCTOPUS_S2_AF=0.128;OCTOPUS_S1_ADP=47;OCTOPUS_S2_ADP=47;OCTOPUS_S1_SB=0.109;OCTOPUS_S2_SB=0.109;OCTOPUS_S1_FT=PASS;OCTOPUS_S2_FT=PASS;OCTOPUS_S1_ADO=6;OCTOPUS_S2_ADO=6;GNOMAD_EXOME;GNOMAD_GENOME;ANN=TA|intron_variant|MODIFIER|UBE4B|ENSG00000130939|transcript|ENST00000672724.1|protein_coding|9/28|c.1491+22_1491+23insA||||||",GT:DP:AR:AD,"0|0:43:0:51,0","0|1:45:0.1277:41,6"
chr1,10180801,.,G,GT,31.77,.,"VTYPE=ins;CC=1;TPCE=OCTOPUS;OCTOPUS;OCTOPUS_AC=1;OCTOPUS_AN=5;OCTOPUS_DP=92;OCTOPUS_MP=50.51;OCTOPUS_MQ=60;OCTOPUS_MQ0=0;OCTOPUS_NS=2;OCTOPUS_PP=31.77;OCTOPUS_SOMATIC;OCTOPUS_OGT=0|0,0|0|1;OCTOPUS_S1_GQ=999;OCTOPUS_S2_GQ=999;OCTOPUS_S1_MQ=60;OCTOPUS_S2_MQ=60;OCTOPUS_S1_PS=10180801;OCTOPUS_S2_PS=10180801;OCTOPUS_S1_PQ=99;OCTOPUS_S2_PQ=99;OCTOPUS_S1_MAP_VAF=0.18000000715255737;OCTOPUS_S2_MAP_VAF=0.18000000715255737;OCTOPUS_S1_VAF_CR=0.0989999994635582;OCTOPUS_S2_VAF_CR=0.0989999994635582;OCTOPUS_S1_AF=0.140;OCTOPUS_S2_AF=0.140;OCTOPUS_S1_ADP=43;OCTOPUS_S2_ADP=43;OCTOPUS_S1_SB=0.180;OCTOPUS_S2_SB=0.180;OCTOPUS_S1_FT=PASS;OCTOPUS_S2_FT=PASS;OCTOPUS_S1_ADO=6;OCTOPUS_S2_ADO=6;GNOMAD_GENOME;ANN=GT|3_prime_UTR_variant|MODIFIER|UBE4B|ENSG00000130939|transcript|ENST00000672724.1|protein_coding|29/29|c.*855dupT|||||856|INFO_REALIGN_3_PRIME",GT:DP:AR:AD,"0|0:50:0:54,0","0|1:42:0.1395:37,6"
chr1,10181077,rs34197778,TAAA,T,28.01,.,"VTYPE=del;CC=1;TPCE=OCTOPUS;OCTOPUS;OCTOPUS_AC=1;OCTOPUS_AN=1;OCTOPUS_DP=127;OCTOPUS_MP=2.04;OCTOPUS_MQ=60;OCTOPUS_MQ0=0;OCTOPUS_NS=2;OCTOPUS_PP=28.01;OCTOPUS_SOMATIC;OCTOPUS_OGT=0|0,0|0|1;OCTOPUS_S1_GQ=160;OCTOPUS_S2_GQ=160;OCTOPUS_S1_MQ=60;OCTOPUS_S2_MQ=60;OCTOPUS_S1_PS=10181077;OCTOPUS_S2_PS=10181077;OCTOPUS_S1_PQ=99;OCTOPUS_S2_PQ=99;OCTOPUS_S1_MAP_VAF=0.11999999731779099;OCTOPUS_S2_MAP_VAF=0.11999999731779099;OCTOPUS_S1_VAF_CR=0.061000000685453415;OCTOPUS_S2_VAF_CR=0.061000000685453415;OCTOPUS_S1_AF=0.111;OCTOPUS_S2_AF=0.111;OCTOPUS_S1_ADP=63;OCTOPUS_S2_ADP=63;OCTOPUS_S1_SB=0.000;OCTOPUS_S2_SB=0.000;OCTOPUS_S1_FT=PASS;OCTOPUS_S2_FT=PASS;OCTOPUS_S1_ADO=7;OCTOPUS_S2_ADO=7;DBSNPv152;GNOMAD_GENOME;ANN=T|3_prime_UTR_variant|MODIFIER|UBE4B|ENSG00000130939|transcript|ENST00000672724.1|protein_coding|29/29|c.*1132_*1134delAAA|||||1132|INFO_REALIGN_3_PRIME",GT:DP:AR:AD,"0|0:67:0:59,0","0|1:60:0.1111:56,7"
chr1,10339748,rs770960183,C,CT,21.75,.,"VTYPE=ins;CC=1;TPCE=OCTOPUS;OCTOPUS;OCTOPUS_AC=1;OCTOPUS_AN=5;OCTOPUS_DP=80;OCTOPUS_MP=19.99;OCTOPUS_MQ=59;OCTOPUS_MQ0=0;OCTOPUS_NS=2;OCTOPUS_PP=21.75;OCTOPUS_SOMATIC;OCTOPUS_OGT=0|0,0|0|1;OCTOPUS_S1_GQ=32;OCTOPUS_S2_GQ=32;OCTOPUS_S1_MQ=59;OCTOPUS_S2_MQ=59;OCTOPUS_S1_PS=10339748;OCTOPUS_S2_PS=10339748;OCTOPUS_S1_PQ=99;OCTOPUS_S2_PQ=99;OCTOPUS_S1_MAP_VAF=0.1599999964237213;OCTOPUS_S2_MAP_VAF=0.1599999964237213;OCTOPUS_S1_VAF_CR=0.07800000160932541;OCTOPUS_S2_VAF_CR=0.07800000160932541;OCTOPUS_S1_AF=0.243;OCTOPUS_S2_AF=0.243;OCTOPUS_S1_ADP=37;OCTOPUS_S2_ADP=37;OCTOPUS_S1_SB=0.027;OCTOPUS_S2_SB=0.027;OCTOPUS_S1_FT=PASS;OCTOPUS_S2_FT=PASS;OCTOPUS_S1_ADO=9;OCTOPUS_S2_ADO=9;DBSNPv152;GNOMAD_EXOME;ANN=CT|intron_variant|MODIFIER|KIF1B|ENSG00000054523|transcript|ENST00000377081.5|protein_coding|30/47|c.3423-21_3423-20insT||||||",GT:DP:AR:AD,"0|0:45:0:54,0","0|1:35:0.2432:28,9"
chr1,10339754,rs200470260,A,T,22.15,.,"VTYPE=snv;CC=1;TPCE=OCTOPUS;OCTOPUS;OCTOPUS_AC=1,2;OCTOPUS_AN=5;OCTOPUS_DP=84;OCTOPUS_MP=19.99;OCTOPUS_MQ=59;OCTOPUS_MQ0=0;OCTOPUS_NS=2;OCTOPUS_PP=22.15;OCTOPUS_SOMATIC;OCTOPUS_OGT=0|0,0|0|1;OCTOPUS_S1_GQ=114;OCTOPUS_S2_GQ=114;OCTOPUS_S1_MQ=59;OCTOPUS_S2_MQ=59;OCTOPUS_S1_PS=10339748;OCTOPUS_S2_PS=10339748;OCTOPUS_S1_PQ=99;OCTOPUS_S2_PQ=99;OCTOPUS_S1_MAP_VAF=0.1599999964237213;OCTOPUS_S2_MAP_VAF=0.1599999964237213;OCTOPUS_S1_VAF_CR=0.07800000160932541;OCTOPUS_S2_VAF_CR=0.07800000160932541;OCTOPUS_S1_AF=0.220;OCTOPUS_S2_AF=0.220;OCTOPUS_S1_ADP=41;OCTOPUS_S2_ADP=41;OCTOPUS_S1_SB=0.290;OCTOPUS_S2_SB=0.290;OCTOPUS_S1_FT=PASS;OCTOPUS_S2_FT=PASS;OCTOPUS_S1_ADO=9;OCTOPUS_S2_ADO=9;DBSNPv152;GNOMAD_EXOME;GNOMAD_GENOME;COSMIC;CLINVAR;ANN=T|intron_variant|MODIFIER|KIF1B|ENSG00000054523|transcript|ENST00000377081.5|protein_coding|30/47|c.3423-15A>T||||||",GT:DP:AR:AD,"0|0:48:0:55,0","0|1:36:0.2195:32,9"
chr1,10377937,.,G,GA,23.2,.,"VTYPE=ins;CC=1;TPCE=OCTOPUS;OCTOPUS;OCTOPUS_AC=1;OCTOPUS_AN=5;OCTOPUS_DP=61;OCTOPUS_MP=8.65;OCTOPUS_MQ=58;OCTOPUS_MQ0=0;OCTOPUS_NS=2;OCTOPUS_PP=23.2;OCTOPUS_SOMATIC;OCTOPUS_OGT=0|0,0|0|1;OCTOPUS_S1_GQ=54;OCTOPUS_S2_GQ=54;OCTOPUS_S1_MQ=59;OCTOPUS_S2_MQ=59;OCTOPUS_S1_PS=10377937;OCTOPUS_S2_PS=10377937;OCTOPUS_S1_PQ=99;OCTOPUS_S2_PQ=99;OCTOPUS_S1_MAP_VAF=0.17000000178813934;OCTOPUS_S2_MAP_VAF=0.17000000178813934;OCTOPUS_S1_VAF_CR=0.08500000089406967;OCTOPUS_S2_VAF_CR=0.08500000089406967;OCTOPUS_S1_AF=0.135;OCTOPUS_S2_AF=0.135;OCTOPUS_S1_ADP=37;OCTOPUS_S2_ADP=37;OCTOPUS_S1_SB=0.354;OCTOPUS_S2_SB=0.354;OCTOPUS_S1_FT=PASS;OCTOPUS_S2_FT=PASS;OCTOPUS_S1_ADO=5;OCTOPUS_S2_ADO=5;GNOMAD_GENOME;CLINVAR;ANN=GA|intron_variant|MODIFIER|KIF1B|ENSG00000054523|transcript|ENST00000377081.5|protein_coding|47/47|c.5409-402_5409-401insA||||||",GT:DP:AR:AD,"0|0:30:0:35,0","0|1:31:0.1351:32,5"
chr1,10378874,rs1321374537,AT,A,6.68,.,"VTYPE=del;CC=1;TPCE=OCTOPUS;OCTOPUS;OCTOPUS_AC=1;OCTOPUS_AN=5;OCTOPUS_DP=130;OCTOPUS_MP=44.8;OCTOPUS_MQ=59;OCTOPUS_MQ0=0;OCTOPUS_NS=2;OCTOPUS_PP=6.68;OCTOPUS_SOMATIC;OCTOPUS_OGT=0|0,0|0|1;OCTOPUS_S1_GQ=408;OCTOPUS_S2_GQ=408;OCTOPUS_S1_MQ=59;OCTOPUS_S2_MQ=59;OCTOPUS_S1_PS=10378834;OCTOPUS_S2_PS=10378834;OCTOPUS_S1_PQ=99;OCTOPUS_S2_PQ=99;OCTOPUS_S1_MAP_VAF=0.14000000059604645;OCTOPUS_S2_MAP_VAF=0.14000000059604645;OCTOPUS_S1_VAF_CR=0.0860000029206276;OCTOPUS_S2_VAF_CR=0.0860000029206276;OCTOPUS_S1_AF=0.145;OCTOPUS_S2_AF=0.145;OCTOPUS_S1_ADP=55;OCTOPUS_S2_ADP=55;OCTOPUS_S1_SB=0.537;OCTOPUS_S2_SB=0.537;OCTOPUS_S1_FT=PASS;OCTOPUS_S2_FT=PASS;OCTOPUS_S1_ADO=8;OCTOPUS_S2_ADO=8;DBSNPv152;GNOMAD_GENOME;ANN=A|3_prime_UTR_variant|MODIFIER|KIF1B|ENSG00000054523|transcript|ENST00000377081.5|protein_coding|48/48|c.*482delT|||||482|INFO_REALIGN_3_PRIME",GT:DP:AR:AD,"0|0:71:0:73,0","0|1:59:0.1455:47,8"
chr1,10451272,rs1451840837,CA,C,4.11,.,"VTYPE=del;CC=1;TPCE=OCTOPUS;OCTOPUS;OCTOPUS_AC=1;OCTOPUS_AN=3;OCTOPUS_DP=66;OCTOPUS_MP=23.63;OCTOPUS_MQ=60;OCTOPUS_MQ0=0;OCTOPUS_NS=2;OCTOPUS_PP=4.11;OCTOPUS_SOMATIC;OCTOPUS_OGT=0|0,0|0|1;OCTOPUS_S1_GQ=507;OCTOPUS_S2_GQ=507;OCTOPUS_S1_MQ=60;OCTOPUS_S2_MQ=60;OCTOPUS_S1_PS=10451272;OCTOPUS_S2_PS=10451272;OCTOPUS_S1_PQ=99;OCTOPUS_S2_PQ=99;OCTOPUS_S1_MAP_VAF=0.12999999523162842;OCTOPUS_S2_MAP_VAF=0.12999999523162842;OCTOPUS_S1_VAF_CR=0.054999999701976776;OCTOPUS_S2_VAF_CR=0.054999999701976776;OCTOPUS_S1_AF=0.102;OCTOPUS_S2_AF=0.102;OCTOPUS_S1_ADP=49;OCTOPUS_S2_ADP=49;OCTOPUS_S1_SB=0.138;OCTOPUS_S2_SB=0.138;OCTOPUS_S1_FT=PASS;OCTOPUS_S2_FT=PASS;OCTOPUS_S1_ADO=5;OCTOPUS_S2_ADO=5;DBSNPv152;ANN=C|intron_variant|MODIFIER|CORT|ENSG00000241563|transcript|ENST00000377049.3|protein_coding|1/1|c.100-104delA||||||,C|intron_variant|MODIFIER|CENPS-CORT|ENSG00000251503|transcript|ENST00000400900.6|protein_coding|4/4|c.277-104delA||||||",GT:DP:AR:AD,"0|0:30:0:31,0","0|1:36:0.102:44,5"
chr1,10460907,.,CTT,C,11.04,.,"VTYPE=del;CC=1;TPCE=OCTOPUS;OCTOPUS;OCTOPUS_AC=1;OCTOPUS_AN=3;OCTOPUS_DP=100;OCTOPUS_MP=3.52;OCTOPUS_MQ=52;OCTOPUS_MQ0=0;OCTOPUS_NS=2;OCTOPUS_PP=11.04;OCTOPUS_SOMATIC;OCTOPUS_OGT=0|0,0|0|1;OCTOPUS_S1_GQ=74;OCTOPUS_S2_GQ=74;OCTOPUS_S1_MQ=54;OCTOPUS_S2_MQ=54;OCTOPUS_S1_PS=10460907;OCTOPUS_S2_PS=10460907;OCTOPUS_S1_PQ=99;OCTOPUS_S2_PQ=99;OCTOPUS_S1_MAP_VAF=0.23999999463558197;OCTOPUS_S2_MAP_VAF=0.23999999463558197;OCTOPUS_S1_VAF_CR=0.15000000596046448;OCTOPUS_S2_VAF_CR=0.15000000596046448;OCTOPUS_S1_AF=0.319;OCTOPUS_S2_AF=0.319;OCTOPUS_S1_ADP=47;OCTOPUS_S2_ADP=47;OCTOPUS_S1_SB=0.548;OCTOPUS_S2_SB=0.548;OCTOPUS_S1_FT=PASS;OCTOPUS_S2_FT=PASS;OCTOPUS_S1_ADO=15;OCTOPUS_S2_ADO=15;GNOMAD_GENOME;ANN=C|3_prime_UTR_variant|MODIFIER|DFFA|ENSG00000160049|transcript|ENST00000377038.8|protein_coding|6/6|c.*581_*582delAA|||||581|,C|downstream_gene_variant|MODIFIER|AL354956.1|ENSG00000203469|transcript|ENST00000424487.1|pseudogene||n.*1570_*1571delTT|||||1570|",GT:DP:AR:AD,"0|0:45:0:39,0","0|1:55:0.3191:32,15"
chr1,10637175,.,GT,G,76,.,"VTYPE=del;CC=1;TPCE=VARDICT;VARDICT;VARDICT_STATUS=StrongSomatic;VARDICT_SAMPLE=MMRF_1945_1_BM_CD138pos_T1;VARDICT_TYPE=Deletion;VARDICT_DP=76;VARDICT_VD=4;VARDICT_AF=0.0526;VARDICT_SHIFT3=8;VARDICT_MSI=9;VARDICT_MSILEN=1;VARDICT_SSF=0.13238;VARDICT_SOR=inf;VARDICT_LSEQ=AAAAATGTTTGTGTGTGTGT;VARDICT_RSEQ=TTTTTTTTCCTTTACAAAAC;VARDICT_OGT=0/0,0/1;VARDICT_S1_VD=4;VARDICT_S2_VD=4;VARDICT_S1_ALD=2;VARDICT_S2_ALD=2;VARDICT_S1_RD=46;VARDICT_S2_RD=46;VARDICT_S1_AF=0.05260000005364418;VARDICT_S2_AF=0.05260000005364418;VARDICT_S1_BIAS=2,2;VARDICT_S2_BIAS=2,2;VARDICT_S1_PMEAN=24.799999237060547;VARDICT_S2_PMEAN=24.799999237060547;VARDICT_S1_PSTD=1.0;VARDICT_S2_PSTD=1.0;VARDICT_S1_QUAL=38.0;VARDICT_S2_QUAL=38.0;VARDICT_S1_QSTD=1.0;VARDICT_S2_QSTD=1.0;VARDICT_S1_SBF=0.6225299835205078;VARDICT_S2_SBF=0.6225299835205078;VARDICT_S1_ODDRATIO=1.7552399635314941;VARDICT_S2_ODDRATIO=1.7552399635314941;VARDICT_S1_MQ=60.0;VARDICT_S2_MQ=60.0;VARDICT_S1_SN=8.0;VARDICT_S2_SN=8.0;VARDICT_S1_HIAF=0.056299999356269836;VARDICT_S2_HIAF=0.056299999356269836;VARDICT_S1_ADJAF=0.0;VARDICT_S2_ADJAF=0.0;VARDICT_S1_NM=0.20000000298023224;VARDICT_S2_NM=0.20000000298023224;GNOMAD_GENOME;ANN=G|3_prime_UTR_variant|MODIFIER|CASZ1|ENSG00000130940|transcript|ENST00000377022.8|protein_coding|21/21|c.*1766delA|||||1766|,G|upstream_gene_variant|MODIFIER|AL139423.1|ENSG00000272078|transcript|ENST00000606802.1|pseudogene||n.-2065delT|||||2065|",GT:DP:AR:AD,"0/0:49:0:49,0","0/1:76:0.0526:72,4"
chr1,10970134,.,GAGGA,G,10.47,.,"VTYPE=del;CC=1;TPCE=OCTOPUS;OCTOPUS;OCTOPUS_AC=1;OCTOPUS_AN=5;OCTOPUS_DP=109;OCTOPUS_MP=50.94;OCTOPUS_MQ=60;OCTOPUS_MQ0=0;OCTOPUS_NS=2;OCTOPUS_PP=10.47;OCTOPUS_SOMATIC;OCTOPUS_OGT=0|0,0|0|1;OCTOPUS_S1_GQ=999;OCTOPUS_S2_GQ=999;OCTOPUS_S1_MQ=60;OCTOPUS_S2_MQ=60;OCTOPUS_S1_PS=10970134;OCTOPUS_S2_PS=10970134;OCTOPUS_S1_PQ=99;OCTOPUS_S2_PQ=99;OCTOPUS_S1_MAP_VAF=0.09300000220537186;OCTOPUS_S2_MAP_VAF=0.09300000220537186;OCTOPUS_S1_VAF_CR=0.03999999910593033;OCTOPUS_S2_VAF_CR=0.03999999910593033;OCTOPUS_S1_AF=0.071;OCTOPUS_S2_AF=0.071;OCTOPUS_S1_ADP=42;OCTOPUS_S2_ADP=42;OCTOPUS_S1_SB=0.186;OCTOPUS_S2_SB=0.186;OCTOPUS_S1_FT=PASS;OCTOPUS_S2_FT=PASS;OCTOPUS_S1_ADO=3;OCTOPUS_S2_ADO=3;GNOMAD_EXOME;GNOMAD_GENOME;ANN=G|intron_variant|MODIFIER|C1orf127|ENSG00000175262|transcript|ENST00000377004.8|protein_coding|2/12|c.128-49_128-46delTCCT||||||",GT:DP:AR:AD,"0|0:54:0:57,0","0|1:55:0.0714:39,3"
chr1,11055120,.,C,CT,21.62,.,"VTYPE=ins;CC=1;TPCE=OCTOPUS;OCTOPUS;OCTOPUS_AC=1;OCTOPUS_AN=5;OCTOPUS_DP=57;OCTOPUS_MP=13.58;OCTOPUS_MQ=57;OCTOPUS_MQ0=0;OCTOPUS_NS=2;OCTOPUS_PP=8.86;OCTOPUS_SOMATIC;OCTOPUS_OGT=0|0,0|0|1;OCTOPUS_S1_GQ=47;OCTOPUS_S2_GQ=47;OCTOPUS_S1_MQ=58;OCTOPUS_S2_MQ=58;OCTOPUS_S1_PS=11055120;OCTOPUS_S2_PS=11055120;OCTOPUS_S1_PQ=99;OCTOPUS_S2_PQ=99;OCTOPUS_S1_MAP_VAF=0.33000001311302185;OCTOPUS_S2_MAP_VAF=0.33000001311302185;OCTOPUS_S1_VAF_CR=0.20999999344348907;OCTOPUS_S2_VAF_CR=0.20999999344348907;OCTOPUS_S1_AF=0.250;OCTOPUS_S2_AF=0.250;OCTOPUS_S1_ADP=24;OCTOPUS_S2_ADP=24;OCTOPUS_S1_SB=0.066;OCTOPUS_S2_SB=0.066;OCTOPUS_S1_FT=PASS;OCTOPUS_S2_FT=PASS;OCTOPUS_S1_ADO=6;OCTOPUS_S2_ADO=6;GNOMAD_EXOME;GNOMAD_GENOME;ANN=CT|intron_variant|MODIFIER|SRM|ENSG00000116649|transcript|ENST00000376957.7|protein_coding|6/7|c.766-37_766-36insA||||||",GT:DP:AR:AD,"0|0:27:0:28,0","0|1:30:0.25:18,6"
chr1,11080564,rs58972264,AC,A,72,.,"VTYPE=del;CC=1;TPCE=VARDICT;VARDICT;VARDICT_STATUS=StrongSomatic;VARDICT_SAMPLE=MMRF_1945_1_BM_CD138pos_T1;VARDICT_TYPE=Deletion;VARDICT_DP=13;VARDICT_VD=4;VARDICT_AF=0.3077;VARDICT_SHIFT3=0;VARDICT_MSI=12;VARDICT_MSILEN=1;VARDICT_SSF=0.04074;VARDICT_SOR=inf;VARDICT_LSEQ=ACATATCTGGAAAAAAAAAA;VARDICT_RSEQ=ACACACACACACACACACAC;VARDICT_OGT=0/0,0/1;VARDICT_S1_VD=4;VARDICT_S2_VD=4;VARDICT_S1_ALD=1;VARDICT_S2_ALD=1;VARDICT_S1_RD=1;VARDICT_S2_RD=1;VARDICT_S1_AF=0.3077000081539154;VARDICT_S2_AF=0.3077000081539154;VARDICT_S1_BIAS=2,2;VARDICT_S2_BIAS=2,2;VARDICT_S1_PMEAN=16.5;VARDICT_S2_PMEAN=16.5;VARDICT_S1_PSTD=1.0;VARDICT_S2_PSTD=1.0;VARDICT_S1_QUAL=36.400001525878906;VARDICT_S2_QUAL=36.400001525878906;VARDICT_S1_QSTD=1.0;VARDICT_S2_QSTD=1.0;VARDICT_S1_SBF=1.0;VARDICT_S2_SBF=1.0;VARDICT_S1_ODDRATIO=1.8700000047683716;VARDICT_S2_ODDRATIO=1.8700000047683716;VARDICT_S1_MQ=60.0;VARDICT_S2_MQ=60.0;VARDICT_S1_SN=8.0;VARDICT_S2_SN=8.0;VARDICT_S1_HIAF=0.33329999446868896;VARDICT_S2_HIAF=0.33329999446868896;VARDICT_S1_ADJAF=0.07689999788999557;VARDICT_S2_ADJAF=0.07689999788999557;VARDICT_S1_NM=1.0;VARDICT_S2_NM=1.0;DBSNPv152;GNOMAD_EXOME;GNOMAD_GENOME;ANN=A|intron_variant|MODIFIER|EXOSC10|ENSG00000171824|transcript|ENST00000376936.9|protein_coding|12/24|c.1587-16delG||||||",GT:DP:AR:AD,"0/0:14:0:7,0","0/1:13:0.3077:7,4"
chr1,11533728,rs962906109,G,GACACGCATGCAC,127,.,"VTYPE=ins;CC=1;TPCE=VARDICT;VARDICT;VARDICT_STATUS=StrongSomatic;VARDICT_SAMPLE=MMRF_1945_1_BM_CD138pos_T1;VARDICT_TYPE=Insertion;VARDICT_DP=65;VARDICT_VD=20;VARDICT_AF=0.3077;VARDICT_SHIFT3=16;VARDICT_MSI=3;VARDICT_MSILEN=2;VARDICT_SSF=2e-05;VARDICT_SOR=inf;VARDICT_LSEQ=GCTGACCCCACCAGCACTCA;VARDICT_RSEQ=ACACGCATGCACACACACAC;VARDICT_OGT=0/0,0/1;VARDICT_S1_VD=20;VARDICT_S2_VD=20;VARDICT_S1_ALD=10;VARDICT_S2_ALD=10;VARDICT_S1_RD=29;VARDICT_S2_RD=29;VARDICT_S1_AF=0.3077000081539154;VARDICT_S2_AF=0.3077000081539154;VARDICT_S1_BIAS=2,2;VARDICT_S2_BIAS=2,2;VARDICT_S1_PMEAN=7.599999904632568;VARDICT_S2_PMEAN=7.599999904632568;VARDICT_S1_PSTD=1.0;VARDICT_S2_PSTD=1.0;VARDICT_S1_QUAL=29.600000381469727;VARDICT_S2_QUAL=29.600000381469727;VARDICT_S1_QSTD=1.0;VARDICT_S2_QSTD=1.0;VARDICT_S1_SBF=0.15207000076770782;VARDICT_S2_SBF=0.15207000076770782;VARDICT_S1_ODDRATIO=2.3359200954437256;VARDICT_S2_ODDRATIO=2.3359200954437256;VARDICT_S1_MQ=52.599998474121094;VARDICT_S2_MQ=52.599998474121094;VARDICT_S1_SN=40.0;VARDICT_S2_SN=40.0;VARDICT_S1_HIAF=0.5;VARDICT_S2_HIAF=0.5;VARDICT_S1_ADJAF=0.2615000009536743;VARDICT_S2_ADJAF=0.2615000009536743;VARDICT_S1_NM=1.5;VARDICT_S2_NM=1.5;DBSNPv152;GNOMAD_GENOME;ANN=GACACGCATGCAC|intron_variant|MODIFIER|DISP3|ENSG00000204624|transcript|ENST00000294484.7|protein_coding|17/20|c.3376-653_3376-652insACACGCATGCAC||||||",GT:DP:AR:AD,"0/0:40:0:40,0","0/1:65:0.3077:40,20"
chr1,12013194,rs35943162,GA,G,59,.,"VTYPE=del;CC=1;TPCE=VARDICT;VARDICT;VARDICT_STATUS=StrongSomatic;VARDICT_SAMPLE=MMRF_1945_1_BM_CD138pos_T1;VARDICT_TYPE=Deletion;VARDICT_DP=60;VARDICT_VD=3;VARDICT_AF=0.05;VARDICT_SHIFT3=10;VARDICT_MSI=11;VARDICT_MSILEN=1;VARDICT_SSF=0.18791;VARDICT_SOR=inf;VARDICT_LSEQ=ATGGATTTTGTGCTCTTTTT;VARDICT_RSEQ=AAAAAAAAAATTCTTTAGCG;VARDICT_OGT=0/0,0/1;VARDICT_S1_VD=3;VARDICT_S2_VD=3;VARDICT_S1_ALD=2;VARDICT_S2_ALD=2;VARDICT_S1_RD=32;VARDICT_S2_RD=32;VARDICT_S1_AF=0.05000000074505806;VARDICT_S2_AF=0.05000000074505806;VARDICT_S1_BIAS=2,2;VARDICT_S2_BIAS=2,2;VARDICT_S1_PMEAN=10.0;VARDICT_S2_PMEAN=10.0;VARDICT_S1_PSTD=1.0;VARDICT_S2_PSTD=1.0;VARDICT_S1_QUAL=37.70000076293945;VARDICT_S2_QUAL=37.70000076293945;VARDICT_S1_QSTD=1.0;VARDICT_S2_QSTD=1.0;VARDICT_S1_SBF=1.0;VARDICT_S2_SBF=1.0;VARDICT_S1_ODDRATIO=1.5499999523162842;VARDICT_S2_ODDRATIO=1.5499999523162842;VARDICT_S1_MQ=60.0;VARDICT_S2_MQ=60.0;VARDICT_S1_SN=6.0;VARDICT_S2_SN=6.0;VARDICT_S1_HIAF=0.05000000074505806;VARDICT_S2_HIAF=0.05000000074505806;VARDICT_S1_ADJAF=0.016699999570846558;VARDICT_S2_ADJAF=0.016699999570846558;VARDICT_S1_NM=0.699999988079071;VARDICT_S2_NM=0.699999988079071;DBSNPv152;GNOMAD_GENOME;CLINVAR;ANN=G|3_prime_UTR_variant|MODIFIER|MFN2|ENSG00000116688|transcript|ENST00000235329.9|protein_coding|19/19|c.*1640delA|||||1640|INFO_REALIGN_3_PRIME,G|downstream_gene_variant|MODIFIER|AL096840.1|ENSG00000270914|transcript|ENST00000603287.1|processed_pseudogene||n.*4021delT|||||4021|",GT:DP:AR:AD,"0/0:44:0:44,0","0/1:60:0.05:57,3"
chr1,12209133,rs777929901,TTG,T,12.68,.,"VTYPE=del;CC=1;TPCE=OCTOPUS;OCTOPUS;OCTOPUS_AC=1;OCTOPUS_AN=5;OCTOPUS_DP=166;OCTOPUS_MP=26.78;OCTOPUS_MQ=60;OCTOPUS_MQ0=0;OCTOPUS_NS=2;OCTOPUS_PP=12.41;OCTOPUS_SOMATIC;OCTOPUS_OGT=0|0,0|0|1;OCTOPUS_S1_GQ=999;OCTOPUS_S2_GQ=999;OCTOPUS_S1_MQ=60;OCTOPUS_S2_MQ=60;OCTOPUS_S1_PS=12209133;OCTOPUS_S2_PS=12209133;OCTOPUS_S1_PQ=99;OCTOPUS_S2_PQ=99;OCTOPUS_S1_MAP_VAF=0.07800000160932541;OCTOPUS_S2_MAP_VAF=0.07800000160932541;OCTOPUS_S1_VAF_CR=0.03799999877810478;OCTOPUS_S2_VAF_CR=0.03799999877810478;OCTOPUS_S1_AF=0.083;OCTOPUS_S2_AF=0.083;OCTOPUS_S1_ADP=96;OCTOPUS_S2_ADP=96;OCTOPUS_S1_SB=0.578;OCTOPUS_S2_SB=0.578;OCTOPUS_S1_FT=PASS;OCTOPUS_S2_FT=PASS;OCTOPUS_S1_ADO=8;OCTOPUS_S2_ADO=8;DBSNPv152;GNOMAD_GENOME;ANN=T|3_prime_UTR_variant|MODIFIER|TNFRSF1B|ENSG00000028137|transcript|ENST00000376259.7|protein_coding|10/10|c.*2125_*2126delGT|||||2125|INFO_REALIGN_3_PRIME",GT:DP:AR:AD,"0|0:78:0:79,0","0|1:88:0.0833:88,8"
chr1,12338369,rs914241439,A,AT,72,.,"VTYPE=ins;CC=1;TPCE=VARDICT;VARDICT;VARDICT_STATUS=StrongSomatic;VARDICT_SAMPLE=MMRF_1945_1_BM_CD138pos_T1;VARDICT_TYPE=Insertion;VARDICT_DP=65;VARDICT_VD=4;VARDICT_AF=0.0615;VARDICT_SHIFT3=10;VARDICT_MSI=11;VARDICT_MSILEN=1;VARDICT_SSF=0.06986;VARDICT_SOR=inf;VARDICT_LSEQ=AAGAACTTCCTTGTACATCA;VARDICT_RSEQ=TTTTTTTTTTAATGAGTGGG;VARDICT_OGT=0/0,0/1;VARDICT_S1_VD=4;VARDICT_S2_VD=4;VARDICT_S1_ALD=0;VARDICT_S2_ALD=0;VARDICT_S1_RD=3;VARDICT_S2_RD=3;VARDICT_S1_AF=0.061500001698732376;VARDICT_S2_AF=0.061500001698732376;VARDICT_S1_BIAS=2,0;VARDICT_S2_BIAS=2,0;VARDICT_S1_PMEAN=20.0;VARDICT_S2_PMEAN=20.0;VARDICT_S1_PSTD=1.0;VARDICT_S2_PSTD=1.0;VARDICT_S1_QUAL=36.20000076293945;VARDICT_S2_QUAL=36.20000076293945;VARDICT_S1_QSTD=1.0;VARDICT_S2_QSTD=1.0;VARDICT_S1_SBF=1.0;VARDICT_S2_SBF=1.0;VARDICT_S1_ODDRATIO=0.0;VARDICT_S2_ODDRATIO=0.0;VARDICT_S1_MQ=60.0;VARDICT_S2_MQ=60.0;VARDICT_S1_SN=8.0;VARDICT_S2_SN=8.0;VARDICT_S1_HIAF=0.07270000129938126;VARDICT_S2_HIAF=0.07270000129938126;VARDICT_S1_ADJAF=0.015399999916553497;VARDICT_S2_ADJAF=0.015399999916553497;VARDICT_S1_NM=0.30000001192092896;VARDICT_S2_NM=0.30000001192092896;DBSNPv152;GNOMAD_GENOME;ANN=AT|intron_variant|MODIFIER|VPS13D|ENSG00000048707|transcript|ENST00000620676.6|protein_coding|40/69|c.8626+64_8626+65insT||||||",GT:DP:AR:AD,"0/0:60:0:60,0","0/1:65:0.0615:55,4"
chr1,12379771,rs368778602,AT,A,16.54,.,"VTYPE=del;CC=1;TPCE=OCTOPUS;OCTOPUS;OCTOPUS_AC=1;OCTOPUS_AN=5;OCTOPUS_DP=27;OCTOPUS_MP=18.69;OCTOPUS_MQ=60;OCTOPUS_MQ0=0;OCTOPUS_NS=2;OCTOPUS_PP=16.36;OCTOPUS_SOMATIC;OCTOPUS_OGT=0|0,0|0|1;OCTOPUS_S1_GQ=64;OCTOPUS_S2_GQ=64;OCTOPUS_S1_MQ=60;OCTOPUS_S2_MQ=60;OCTOPUS_S1_PS=12379771;OCTOPUS_S2_PS=12379771;OCTOPUS_S1_PQ=99;OCTOPUS_S2_PQ=99;OCTOPUS_S1_MAP_VAF=0.3499999940395355;OCTOPUS_S2_MAP_VAF=0.3499999940395355;OCTOPUS_S1_VAF_CR=0.1899999976158142;OCTOPUS_S2_VAF_CR=0.1899999976158142;OCTOPUS_S1_AF=0.250;OCTOPUS_S2_AF=0.250;OCTOPUS_S1_ADP=24;OCTOPUS_S2_ADP=24;OCTOPUS_S1_SB=0.263;OCTOPUS_S2_SB=0.263;OCTOPUS_S1_FT=PASS;OCTOPUS_S2_FT=PASS;OCTOPUS_S1_ADO=6;OCTOPUS_S2_ADO=6;DBSNPv152;GNOMAD_GENOME;ANN=A|intron_variant|MODIFIER|VPS13D|ENSG00000048707|transcript|ENST00000620676.6|protein_coding|57/69|c.11190+176delT||||||",GT:DP:AR:AD,"0|0:12:0:14,0","0|1:15:0.25:18,6"
chr1,12404070,rs575397720,CT,C,18.07,.,"VTYPE=del;CC=1;TPCE=OCTOPUS;OCTOPUS;OCTOPUS_AC=1;OCTOPUS_AN=5;OCTOPUS_DP=61;OCTOPUS_MP=40.26;OCTOPUS_MQ=60;OCTOPUS_MQ0=0;OCTOPUS_NS=2;OCTOPUS_PP=15.69;OCTOPUS_SOMATIC;OCTOPUS_OGT=0|0,0|0|1;OCTOPUS_S1_GQ=999;OCTOPUS_S2_GQ=999;OCTOPUS_S1_MQ=60;OCTOPUS_S2_MQ=60;OCTOPUS_S1_PS=12404070;OCTOPUS_S2_PS=12404070;OCTOPUS_S1_PQ=99;OCTOPUS_S2_PQ=99;OCTOPUS_S1_MAP_VAF=0.2199999988079071;OCTOPUS_S2_MAP_VAF=0.2199999988079071;OCTOPUS_S1_VAF_CR=0.10999999940395355;OCTOPUS_S2_VAF_CR=0.10999999940395355;OCTOPUS_S1_AF=0.172;OCTOPUS_S2_AF=0.172;OCTOPUS_S1_ADP=29;OCTOPUS_S2_ADP=29;OCTOPUS_S1_SB=0.134;OCTOPUS_S2_SB=0.134;OCTOPUS_S1_FT=PASS;OCTOPUS_S2_FT=PASS;OCTOPUS_S1_ADO=5;OCTOPUS_S2_ADO=5;DBSNPv152;GNOMAD_GENOME;ANN=C|intron_variant|MODIFIER|VPS13D|ENSG00000048707|transcript|ENST00000620676.6|protein_coding|63/69|c.12030+98delT||||||",GT:DP:AR:AD,"0|0:34:0:36,0","0|1:27:0.1724:24,5"
chr1,12510525,.,CTGTG,C,42.36,.,"VTYPE=del;CC=1;TPCE=OCTOPUS;OCTOPUS;OCTOPUS_AC=1;OCTOPUS_AN=3;OCTOPUS_DP=70;OCTOPUS_MP=11.29;OCTOPUS_MQ=59;OCTOPUS_MQ0=0;OCTOPUS_NS=2;OCTOPUS_PP=42.33;OCTOPUS_SOMATIC;OCTOPUS_OGT=0|0,0|0|1;OCTOPUS_S1_GQ=109;OCTOPUS_S2_GQ=109;OCTOPUS_S1_MQ=59;OCTOPUS_S2_MQ=59;OCTOPUS_S1_PS=12510525;OCTOPUS_S2_PS=12510525;OCTOPUS_S1_PQ=99;OCTOPUS_S2_PQ=99;OCTOPUS_S1_MAP_VAF=0.2199999988079071;OCTOPUS_S2_MAP_VAF=0.2199999988079071;OCTOPUS_S1_VAF_CR=0.12999999523162842;OCTOPUS_S2_VAF_CR=0.12999999523162842;OCTOPUS_S1_AF=0.219;OCTOPUS_S2_AF=0.219;OCTOPUS_S1_ADP=32;OCTOPUS_S2_ADP=32;OCTOPUS_S1_SB=0.500;OCTOPUS_S2_SB=0.500;OCTOPUS_S1_FT=PASS;OCTOPUS_S2_FT=PASS;OCTOPUS_S1_ADO=7;OCTOPUS_S2_ADO=7;GNOMAD_GENOME;ANN=C|3_prime_UTR_variant|MODIFIER|VPS13D|ENSG00000048707|transcript|ENST00000620676.6|protein_coding|70/70|c.*1528_*1531delTGTG|||||1528|INFO_REALIGN_3_PRIME,C|downstream_gene_variant|MODIFIER|SNORA59A|ENSG00000239149|transcript|ENST00000459326.1|snoRNA||n.*3129_*3132delTGTG|||||3129|",GT:DP:AR:AD,"0|0:34:0:27,0","0|1:36:0.2188:25,7"
chr1,15580201,.,C,TTTT,75,.,"VTYPE=ins;CC=1;TPCE=VARDICT;VARDICT;VARDICT_STATUS=StrongSomatic;VARDICT_SAMPLE=MMRF_1945_1_BM_CD138pos_T1;VARDICT_TYPE=Complex;VARDICT_DP=64;VARDICT_VD=8;VARDICT_AF=0.125;VARDICT_SHIFT3=0;VARDICT_MSI=0;VARDICT_MSILEN=0;VARDICT_SSF=0.0043;VARDICT_SOR=inf;VARDICT_LSEQ=GGAGGATTACATAGAATAAT;VARDICT_RSEQ=TTTTTTTTTTTTTTTTTTTT;VARDICT_OGT=0/0,0/1;VARDICT_S1_VD=8;VARDICT_S2_VD=8;VARDICT_S1_ALD=0;VARDICT_S2_ALD=0;VARDICT_S1_RD=8;VARDICT_S2_RD=8;VARDICT_S1_AF=0.125;VARDICT_S2_AF=0.125;VARDICT_S1_BIAS=2,0;VARDICT_S2_BIAS=2,0;VARDICT_S1_PMEAN=46.79999923706055;VARDICT_S2_PMEAN=46.79999923706055;VARDICT_S1_PSTD=1.0;VARDICT_S2_PSTD=1.0;VARDICT_S1_QUAL=25.0;VARDICT_S2_QUAL=25.0;VARDICT_S1_QSTD=1.0;VARDICT_S2_QSTD=1.0;VARDICT_S1_SBF=0.5820299983024597;VARDICT_S2_SBF=0.5820299983024597;VARDICT_S1_ODDRATIO=0.0;VARDICT_S2_ODDRATIO=0.0;VARDICT_S1_MQ=28.799999237060547;VARDICT_S2_MQ=28.799999237060547;VARDICT_S1_SN=16.0;VARDICT_S2_SN=16.0;VARDICT_S1_HIAF=0.20509999990463257;VARDICT_S2_HIAF=0.20509999990463257;VARDICT_S1_ADJAF=0.10939999669790268;VARDICT_S2_ADJAF=0.10939999669790268;VARDICT_S1_NM=0.800000011920929;VARDICT_S2_NM=0.800000011920929;ANN=TTTT|intron_variant|MODIFIER|AGMAT|ENSG00000116771|transcript|ENST00000375826.4|protein_coding|2/6|c.476-59delGinsAAAA||||||,TTTT|intragenic_variant|MODIFIER|DNAJC16|ENSG00000116138|gene_variant|ENSG00000116138|||n.15580201delCinsTTTT||||||",GT:DP:AR:AD,"0/0:59:0:58,0","0/1:64:0.125:60,8"
chr1,16008807,.,C,CA,18.22,.,"VTYPE=ins;CC=1;TPCE=OCTOPUS;OCTOPUS;OCTOPUS_AC=1;OCTOPUS_AN=5;OCTOPUS_DP=52;OCTOPUS_MP=21.73;OCTOPUS_MQ=60;OCTOPUS_MQ0=0;OCTOPUS_NS=2;OCTOPUS_PP=18.22;OCTOPUS_SOMATIC;OCTOPUS_OGT=0|0,0|0|1;OCTOPUS_S1_GQ=431;OCTOPUS_S2_GQ=431;OCTOPUS_S1_MQ=60;OCTOPUS_S2_MQ=60;OCTOPUS_S1_PS=16008807;OCTOPUS_S2_PS=16008807;OCTOPUS_S1_PQ=99;OCTOPUS_S2_PQ=99;OCTOPUS_S1_MAP_VAF=0.17000000178813934;OCTOPUS_S2_MAP_VAF=0.17000000178813934;OCTOPUS_S1_VAF_CR=0.06700000166893005;OCTOPUS_S2_VAF_CR=0.06700000166893005;OCTOPUS_S1_AF=0.160;OCTOPUS_S2_AF=0.160;OCTOPUS_S1_ADP=25;OCTOPUS_S2_ADP=25;OCTOPUS_S1_SB=0.220;OCTOPUS_S2_SB=0.220;OCTOPUS_S1_FT=PASS;OCTOPUS_S2_FT=PASS;OCTOPUS_S1_ADO=4;OCTOPUS_S2_ADO=4;GNOMAD_GENOME;ANN=CA|upstream_gene_variant|MODIFIER|AL355994.3|ENSG00000233078|transcript|ENST00000437156.1|pseudogene||n.-2137_-2136insT|||||2137|,CA|downstream_gene_variant|MODIFIER|SRARP|ENSG00000183888|transcript|ENST00000329454.2|protein_coding||c.*2461_*2462insA|||||1|,CA|intergenic_region|MODIFIER|SRARP-HSPB7|ENSG00000183888-ENSG00000173641|intergenic_region|ENSG00000183888-ENSG00000173641|||n.16008807_16008808insA||||||",GT:DP:AR:AD,"0|0:28:0:29,0","0|1:24:0.16:21,4"
chr1,16044378,rs146972886,C,CACACACACACAT,103,.,"VTYPE=ins;CC=1;TPCE=VARDICT;VARDICT;VARDICT_STATUS=StrongSomatic;VARDICT_SAMPLE=MMRF_1945_1_BM_CD138pos_T1;VARDICT_TYPE=Insertion;VARDICT_DP=17;VARDICT_VD=7;VARDICT_AF=0.4118;VARDICT_SHIFT3=0;VARDICT_MSI=11;VARDICT_MSILEN=2;VARDICT_SSF=0.00154;VARDICT_SOR=inf;VARDICT_LSEQ=CACACACACACACACACACA;VARDICT_RSEQ=GCACAATCTTTCCTCTTCAT;VARDICT_OGT=0/0,0/1;VARDICT_S1_VD=7;VARDICT_S2_VD=7;VARDICT_S1_ALD=7;VARDICT_S2_ALD=7;VARDICT_S1_RD=10;VARDICT_S2_RD=10;VARDICT_S1_AF=0.41179999709129333;VARDICT_S2_AF=0.41179999709129333;VARDICT_S1_BIAS=0,0;VARDICT_S2_BIAS=0,0;VARDICT_S1_PMEAN=17.899999618530273;VARDICT_S2_PMEAN=17.899999618530273;VARDICT_S1_PSTD=1.0;VARDICT_S2_PSTD=1.0;VARDICT_S1_QUAL=36.900001525878906;VARDICT_S2_QUAL=36.900001525878906;VARDICT_S1_QSTD=1.0;VARDICT_S2_QSTD=1.0;VARDICT_S1_SBF=1.0;VARDICT_S2_SBF=1.0;VARDICT_S1_ODDRATIO=0.0;VARDICT_S2_ODDRATIO=0.0;VARDICT_S1_MQ=57.599998474121094;VARDICT_S2_MQ=57.599998474121094;VARDICT_S1_SN=14.0;VARDICT_S2_SN=14.0;VARDICT_S1_HIAF=0.699999988079071;VARDICT_S2_HIAF=0.699999988079071;VARDICT_S1_ADJAF=0.29409998655319214;VARDICT_S2_ADJAF=0.29409998655319214;VARDICT_S1_NM=1.899999976158142;VARDICT_S2_NM=1.899999976158142;DBSNPv152;GNOMAD_GENOME;ANN=CACACACACACAT|upstream_gene_variant|MODIFIER|AL355994.2|ENSG00000232456|transcript|ENST00000447882.1|unprocessed_pseudogene||n.-4350_-4349insATGTGTGTGTGT|||||4350|,CACACACACACAT|intron_variant|MODIFIER|CLCNKB|ENSG00000184908|transcript|ENST00000375679.8|protein_coding|1/19|c.-7-108_-7-107insACACACACACAT||||||",GT:DP:AR:AD,"0/0:21:0:16,0","0/1:17:0.4118:10,7"
chr1,16045779,rs57591489,TG,T,64,.,"VTYPE=del;CC=1;TPCE=VARDICT;VARDICT;VARDICT_STATUS=StrongSomatic;VARDICT_SAMPLE=MMRF_1945_1_BM_CD138pos_T1;VARDICT_TYPE=Deletion;VARDICT_DP=28;VARDICT_VD=3;VARDICT_AF=0.1071;VARDICT_SHIFT3=7;VARDICT_MSI=8;VARDICT_MSILEN=1;VARDICT_SSF=0.15731;VARDICT_SOR=inf;VARDICT_LSEQ=TCGCCAGGTGCAGCGGAGGT;VARDICT_RSEQ=GGGGGGGTGCTCTGGGTGGG;VARDICT_OGT=0/0,0/1;VARDICT_S1_VD=3;VARDICT_S2_VD=3;VARDICT_S1_ALD=0;VARDICT_S2_ALD=0;VARDICT_S1_RD=2;VARDICT_S2_RD=2;VARDICT_S1_AF=0.1071000024676323;VARDICT_S2_AF=0.1071000024676323;VARDICT_S1_BIAS=2,0;VARDICT_S2_BIAS=2,0;VARDICT_S1_PMEAN=30.0;VARDICT_S2_PMEAN=30.0;VARDICT_S1_PSTD=1.0;VARDICT_S2_PSTD=1.0;VARDICT_S1_QUAL=41.0;VARDICT_S2_QUAL=41.0;VARDICT_S1_QSTD=0.0;VARDICT_S2_QSTD=0.0;VARDICT_S1_SBF=1.0;VARDICT_S2_SBF=1.0;VARDICT_S1_ODDRATIO=0.0;VARDICT_S2_ODDRATIO=0.0;VARDICT_S1_MQ=60.0;VARDICT_S2_MQ=60.0;VARDICT_S1_SN=6.0;VARDICT_S2_SN=6.0;VARDICT_S1_HIAF=0.11540000140666962;VARDICT_S2_HIAF=0.11540000140666962;VARDICT_S1_ADJAF=0.0;VARDICT_S2_ADJAF=0.0;VARDICT_S1_NM=0.0;VARDICT_S2_NM=0.0;DBSNPv152;GNOMAD_GENOME;ANN=T|intron_variant|MODIFIER|CLCNKB|ENSG00000184908|transcript|ENST00000375679.8|protein_coding|3/19|c.229+94delG||||||",GT:DP:AR:AD,"0/0:23:0:23,0","0/1:28:0.1071:25,3"
chr1,16058340,rs1350227518,G,GATGCCCTGCCCTGGACCCCGGGGTCCAGAT,75,.,"VTYPE=ins;CC=1;TPCE=VARDICT;VARDICT;VARDICT_STATUS=StrongSomatic;VARDICT_SAMPLE=MMRF_1945_1_BM_CD138pos_T1;VARDICT_TYPE=Insertion;VARDICT_DP=25;VARDICT_VD=7;VARDICT_AF=0.28;VARDICT_SHIFT3=35;VARDICT_MSI=3;VARDICT_MSILEN=1;VARDICT_SSF=0.01492;VARDICT_SOR=inf;VARDICT_LSEQ=GCCTACCCGAGGGGTCAAGG;VARDICT_RSEQ=ATGCCCTGCCCTGGACCCCG;VARDICT_OGT=0/0,0/1;VARDICT_S1_VD=7;VARDICT_S2_VD=7;VARDICT_S1_ALD=1;VARDICT_S2_ALD=1;VARDICT_S1_RD=3;VARDICT_S2_RD=3;VARDICT_S1_AF=0.2800000011920929;VARDICT_S2_AF=0.2800000011920929;VARDICT_S1_BIAS=2,2;VARDICT_S2_BIAS=2,2;VARDICT_S1_PMEAN=19.100000381469727;VARDICT_S2_PMEAN=19.100000381469727;VARDICT_S1_PSTD=1.0;VARDICT_S2_PSTD=1.0;VARDICT_S1_QUAL=26.799999237060547;VARDICT_S2_QUAL=26.799999237060547;VARDICT_S1_QSTD=1.0;VARDICT_S2_QSTD=1.0;VARDICT_S1_SBF=1.0;VARDICT_S2_SBF=1.0;VARDICT_S1_ODDRATIO=1.6224100589752197;VARDICT_S2_ODDRATIO=1.6224100589752197;VARDICT_S1_MQ=34.599998474121094;VARDICT_S2_MQ=34.599998474121094;VARDICT_S1_SN=14.0;VARDICT_S2_SN=14.0;VARDICT_S1_HIAF=0.583299994468689;VARDICT_S2_HIAF=0.583299994468689;VARDICT_S1_ADJAF=0.20000000298023224;VARDICT_S2_ADJAF=0.20000000298023224;VARDICT_S1_NM=0.800000011920929;VARDICT_S2_NM=0.800000011920929;DBSNPv152;GNOMAD_GENOME;ANN=GATGCCCTGCCCTGGACCCCGGGGTCCAGAT|3_prime_UTR_variant|MODIFIER|FAM131C|ENSG00000185519|transcript|ENST00000375662.5|protein_coding|7/7|c.*67_*96dupATCTGGACCCCGGGGTCCAGGGCAGGGCAT|||||96|,GATGCCCTGCCCTGGACCCCGGGGTCCAGAT|downstream_gene_variant|MODIFIER|CLCNKB|ENSG00000184908|transcript|ENST00000375679.8|protein_coding||c.*1424_*1425insATGCCCTGCCCTGGACCCCGGGGTCCAGAT|||||1033|",GT:DP:AR:AD,"0/0:18:0:18,0","0/1:25:0.28:12,7"
chr1,16058373,rs12756288,G,A,54.83,.,"VTYPE=snv;CC=1;TPCE=OCTOPUS;OCTOPUS;OCTOPUS_AC=1;OCTOPUS_AN=5;OCTOPUS_DP=26;OCTOPUS_MP=8.18;OCTOPUS_MQ=52;OCTOPUS_MQ0=0;OCTOPUS_NS=2;OCTOPUS_PP=19.01;OCTOPUS_SOMATIC;OCTOPUS_OGT=0|0,0|0|1;OCTOPUS_S1_GQ=192;OCTOPUS_S2_GQ=192;OCTOPUS_S1_MQ=51;OCTOPUS_S2_MQ=51;OCTOPUS_S1_PS=16058373;OCTOPUS_S2_PS=16058373;OCTOPUS_S1_PQ=99;OCTOPUS_S2_PQ=99;OCTOPUS_S1_MAP_VAF=0.3100000023841858;OCTOPUS_S2_MAP_VAF=0.3100000023841858;OCTOPUS_S1_VAF_CR=0.20000000298023224;OCTOPUS_S2_VAF_CR=0.20000000298023224;OCTOPUS_S1_AF=0.182;OCTOPUS_S2_AF=0.182;OCTOPUS_S1_ADP=22;OCTOPUS_S2_ADP=22;OCTOPUS_S1_SB=0.230;OCTOPUS_S2_SB=0.230;OCTOPUS_S1_FT=PASS;OCTOPUS_S2_FT=PASS;OCTOPUS_S1_ADO=4;OCTOPUS_S2_ADO=4;DBSNPv152;COSMIC;COSMIC_NC;ANN=A|3_prime_UTR_variant|MODIFIER|FAM131C|ENSG00000185519|transcript|ENST00000375662.5|protein_coding|7/7|c.*64C>T|||||64|,A|downstream_gene_variant|MODIFIER|CLCNKB|ENSG00000184908|transcript|ENST00000375679.8|protein_coding||c.*1457G>A|||||1065|",GT:DP:AR:AD,"0|0:10:0:11,0","0|1:16:0.1818:18,4"
chr1,16134290,rs556337301,G,A,4.93,.,"VTYPE=snv;CC=1;TPCE=OCTOPUS;OCTOPUS;OCTOPUS_AC=1;OCTOPUS_AN=5;OCTOPUS_DP=52;OCTOPUS_MP=31.06;OCTOPUS_MQ=60;OCTOPUS_MQ0=0;OCTOPUS_NS=2;OCTOPUS_PP=4.93;OCTOPUS_SOMATIC;OCTOPUS_OGT=0|0,0|0|1;OCTOPUS_S1_GQ=123;OCTOPUS_S2_GQ=123;OCTOPUS_S1_MQ=60;OCTOPUS_S2_MQ=60;OCTOPUS_S1_PS=16134248;OCTOPUS_S2_PS=16134248;OCTOPUS_S1_PQ=99;OCTOPUS_S2_PQ=99;OCTOPUS_S1_MAP_VAF=0.09399999678134918;OCTOPUS_S2_MAP_VAF=0.09399999678134918;OCTOPUS_S1_VAF_CR=0.0430000014603138;OCTOPUS_S2_VAF_CR=0.0430000014603138;OCTOPUS_S1_AF=0.069;OCTOPUS_S2_AF=0.069;OCTOPUS_S1_ADP=29;OCTOPUS_S2_ADP=29;OCTOPUS_S1_SB=0.750;OCTOPUS_S2_SB=0.750;OCTOPUS_S1_FT=PASS;OCTOPUS_S2_FT=PASS;OCTOPUS_S1_ADO=2;OCTOPUS_S2_ADO=2;DBSNPv152;GNOMAD_GENOME;ANN=A|intron_variant|MODIFIER|EPHA2|ENSG00000142627|transcript|ENST00000358432.8|protein_coding|8/16|c.1682+178C>T||||||",GT:DP:AR:AD,"0|0:27:0:30,0","0|1:25:0.069:27,2"
chr1,16421327,.,GCA,G,59,.,"VTYPE=del;CC=1;TPCE=VARDICT;VARDICT;VARDICT_STATUS=StrongSomatic;VARDICT_SAMPLE=MMRF_1945_1_BM_CD138pos_T1;VARDICT_TYPE=Deletion;VARDICT_DP=56;VARDICT_VD=3;VARDICT_AF=0.0536;VARDICT_SHIFT3=11;VARDICT_MSI=6;VARDICT_MSILEN=2;VARDICT_SSF=0.07571;VARDICT_SOR=inf;VARDICT_LSEQ=ATGCATACACACAGGCACAG;VARDICT_RSEQ=CACACACACACGTGTGCACA;VARDICT_OGT=0/0,0/1;VARDICT_S1_VD=3;VARDICT_S2_VD=3;VARDICT_S1_ALD=3;VARDICT_S2_ALD=3;VARDICT_S1_RD=53;VARDICT_S2_RD=53;VARDICT_S1_AF=0.053599998354911804;VARDICT_S2_AF=0.053599998354911804;VARDICT_S1_BIAS=1,0;VARDICT_S2_BIAS=1,0;VARDICT_S1_PMEAN=21.700000762939453;VARDICT_S2_PMEAN=21.700000762939453;VARDICT_S1_PSTD=1.0;VARDICT_S2_PSTD=1.0;VARDICT_S1_QUAL=37.5;VARDICT_S2_QUAL=37.5;VARDICT_S1_QSTD=1.0;VARDICT_S2_QSTD=1.0;VARDICT_S1_SBF=1.0;VARDICT_S2_SBF=1.0;VARDICT_S1_ODDRATIO=0.0;VARDICT_S2_ODDRATIO=0.0;VARDICT_S1_MQ=60.0;VARDICT_S2_MQ=60.0;VARDICT_S1_SN=6.0;VARDICT_S2_SN=6.0;VARDICT_S1_HIAF=0.053599998354911804;VARDICT_S2_HIAF=0.053599998354911804;VARDICT_S1_ADJAF=0.017899999395012856;VARDICT_S2_ADJAF=0.017899999395012856;VARDICT_S1_NM=0.30000001192092896;VARDICT_S2_NM=0.30000001192092896;ANN=G|intron_variant|MODIFIER|SPATA21|ENSG00000187144|transcript|ENST00000335496.5|protein_coding|5/12|c.144+180_144+181delTG||||||",GT:DP:AR:AD,"0/0:75:0:75,0","0/1:56:0.0536:53,3"
chr1,16536213,rs1762987,T,G,57,.,"VTYPE=snv;CC=1;TPCE=VARDICT;VARDICT;VARDICT_STATUS=StrongSomatic;VARDICT_SAMPLE=MMRF_1945_1_BM_CD138pos_T1;VARDICT_TYPE=SNV;VARDICT_DP=50;VARDICT_VD=3;VARDICT_AF=0.06;VARDICT_SHIFT3=0;VARDICT_MSI=2;VARDICT_MSILEN=1;VARDICT_SSF=0.17259;VARDICT_SOR=inf;VARDICT_LSEQ=CGTGACCTAGTGTCCCAGCG;VARDICT_RSEQ=GGAGGTGAGAGGCGTGTAAG;VARDICT_OGT=0/0,0/1;VARDICT_S1_VD=3;VARDICT_S2_VD=3;VARDICT_S1_ALD=0;VARDICT_S2_ALD=0;VARDICT_S1_RD=3;VARDICT_S2_RD=3;VARDICT_S1_AF=0.05999999865889549;VARDICT_S2_AF=0.05999999865889549;VARDICT_S1_BIAS=2,0;VARDICT_S2_BIAS=2,0;VARDICT_S1_PMEAN=11.300000190734863;VARDICT_S2_PMEAN=11.300000190734863;VARDICT_S1_PSTD=1.0;VARDICT_S2_PSTD=1.0;VARDICT_S1_QUAL=36.0;VARDICT_S2_QUAL=36.0;VARDICT_S1_QSTD=1.0;VARDICT_S2_QSTD=1.0;VARDICT_S1_SBF=1.0;VARDICT_S2_SBF=1.0;VARDICT_S1_ODDRATIO=0.0;VARDICT_S2_ODDRATIO=0.0;VARDICT_S1_MQ=19.0;VARDICT_S2_MQ=19.0;VARDICT_S1_SN=6.0;VARDICT_S2_SN=6.0;VARDICT_S1_HIAF=0.0625;VARDICT_S2_HIAF=0.0625;VARDICT_S1_ADJAF=0.03999999910593033;VARDICT_S2_ADJAF=0.03999999910593033;VARDICT_S1_NM=2.0;VARDICT_S2_NM=2.0;DBSNPv152;COSMIC_NC;ANN=G|upstream_gene_variant|MODIFIER|LINC01783|ENSG00000233421|transcript|ENST00000415386.2|pseudogene||n.-564A>C|||||564|,G|upstream_gene_variant|MODIFIER|RNU1-6P|ENSG00000277344|transcript|ENST00000516290.1|snRNA||n.-1989A>C|||||1989|,G|intergenic_region|MODIFIER|LINC01783-AL355149.1|ENSG00000233421-ENSG00000225710|intergenic_region|ENSG00000233421-ENSG00000225710|||n.16536213T>G||||||",GT:DP:AR:AD,"0/0:39:0:38,0","0/1:50:0.06:47,3"
chr1,16619901,rs367013,C,T,58.39,.,"VTYPE=snv;CC=1;TPCE=OCTOPUS;OCTOPUS;OCTOPUS_AC=1;OCTOPUS_AN=6;OCTOPUS_DP=46;OCTOPUS_MP=0;OCTOPUS_MQ=60;OCTOPUS_MQ0=0;OCTOPUS_NS=2;OCTOPUS_PP=58.39;OCTOPUS_SOMATIC;OCTOPUS_OGT=0|0,0|0|0|1;OCTOPUS_S1_GQ=65;OCTOPUS_S2_GQ=65;OCTOPUS_S1_MQ=60;OCTOPUS_S2_MQ=60;OCTOPUS_S1_PS=16619771;OCTOPUS_S2_PS=16619771;OCTOPUS_S1_PQ=21;OCTOPUS_S2_PQ=21;OCTOPUS_S1_MAP_VAF=0.28999999165534973;OCTOPUS_S2_MAP_VAF=0.28999999165534973;OCTOPUS_S1_VAF_CR=0.05999999865889549;OCTOPUS_S2_VAF_CR=0.05999999865889549;OCTOPUS_S1_AF=0.125;OCTOPUS_S2_AF=0.125;OCTOPUS_S1_ADP=24;OCTOPUS_S2_ADP=24;OCTOPUS_S1_SB=0.472;OCTOPUS_S2_SB=0.472;OCTOPUS_S1_FT=PASS;OCTOPUS_S2_FT=PASS;OCTOPUS_S1_ADO=3;OCTOPUS_S2_ADO=3;DBSNPv152;GNOMAD_GENOME;COSMIC_NC;ANN=T|downstream_gene_variant|MODIFIER|AL137798.1|ENSG00000271732|transcript|ENST00000607700.1|pseudogene||n.*2172C>T|||||2172|,T|non_coding_transcript_exon_variant|MODIFIER|CROCCP2|ENSG00000215908|transcript|ENST00000412962.4|transcribed_unprocessed_pseudogene|17/18|n.2582G>A||||||",GT:DP:AR:AD,"0|0:22:0:23,0","0|1:24:0.125:21,3"
chr1,16619939,rs367060,C,T,34.84,.,"VTYPE=snv;CC=1;TPCE=OCTOPUS;OCTOPUS;OCTOPUS_AC=1;OCTOPUS_AN=6;OCTOPUS_DP=49;OCTOPUS_MP=0;OCTOPUS_MQ=58;OCTOPUS_MQ0=0;OCTOPUS_NS=2;OCTOPUS_PP=34.84;OCTOPUS_SOMATIC;OCTOPUS_OGT=0|0,0|0|0|1;OCTOPUS_S1_GQ=35;OCTOPUS_S2_GQ=35;OCTOPUS_S1_MQ=58;OCTOPUS_S2_MQ=58;OCTOPUS_S1_PS=16619771;OCTOPUS_S2_PS=16619771;OCTOPUS_S1_PQ=21;OCTOPUS_S2_PQ=21;OCTOPUS_S1_MAP_VAF=0.28999999165534973;OCTOPUS_S2_MAP_VAF=0.28999999165534973;OCTOPUS_S1_VAF_CR=0.05999999865889549;OCTOPUS_S2_VAF_CR=0.05999999865889549;OCTOPUS_S1_AF=0.074;OCTOPUS_S2_AF=0.074;OCTOPUS_S1_ADP=27;OCTOPUS_S2_ADP=27;OCTOPUS_S1_SB=0.490;OCTOPUS_S2_SB=0.490;OCTOPUS_S1_FT=PASS;OCTOPUS_S2_FT=PASS;OCTOPUS_S1_ADO=2;OCTOPUS_S2_ADO=2;DBSNPv152;COSMIC_NC;ANN=T|downstream_gene_variant|MODIFIER|AL137798.1|ENSG00000271732|transcript|ENST00000607700.1|pseudogene||n.*2210C>T|||||2210|,T|non_coding_transcript_exon_variant|MODIFIER|CROCCP2|ENSG00000215908|transcript|ENST00000412962.4|transcribed_unprocessed_pseudogene|17/18|n.2544G>A||||||",GT:DP:AR:AD,"0|0:22:0:23,0","0|1:27:0.0741:25,2"
